instock,title,url,comment_amount,rating,price
TRUE,Oppo Realme 7 Pro 128 GB (Realme Turkiye Garantili),https://hepsiburada.com/oppo-realme-7-pro-128-gb-realme-turkiye-garantili-p-HBV00000YE30Y,163,5,3599
TRUE,Samsung Galaxy M31 2020 128 GB (Samsung Turkiye Garantili),https://hepsiburada.com/samsung-galaxy-m31-2020-128-gb-samsung-turkiye-garantili-p-HBV00000RURJV,3002,5,2999.9
TRUE,Oppo Realme 6 128 GB (Realme Turkiye Garantili),https://hepsiburada.com/oppo-realme-6-128-gb-realme-turkiye-garantili-p-HBV00000SKQRX,635,5,2599.91
TRUE,Samsung Galaxy M51 128 GB (Samsung Turkiye Garantili),https://hepsiburada.com/samsung-galaxy-m51-128-gb-samsung-turkiye-garantili-p-HBV00000X735D,253,5,3999
TRUE,Samsung Galaxy M21 64 GB (Samsung Turkiye Garantili),https://hepsiburada.com/samsung-galaxy-m21-64-gb-samsung-turkiye-garantili-p-HBV00000VSEEF,339,5,2549.9
TRUE,Xiaomi Redmi Note 9 128 GB (Xiaomi Turkiye Garantili),https://hepsiburada.com/xiaomi-redmi-note-9-128-gb-xiaomi-turkiye-garantili-p-HBV00000UGU4C,1260,5,2819.9
TRUE,Samsung E1205 (Ithalatci Garantili),https://hepsiburada.com/samsung-e1205-ithalatci-garantili-p-TELCEPSAME1205-S,432,4,172
TRUE,Xiaomi Redmi Note 9 Pro 128 GB (Xiaomi Turkiye Garantiili),https://hepsiburada.com/xiaomi-redmi-note-9-pro-128-gb-xiaomi-turkiye-garantiili-p-HBV00000TOMR2,2286,5,3599.9
TRUE,Samsung Galaxy S10 Plus 128 GB (Samsung Turkiye Garantili),https://hepsiburada.com/samsung-galaxy-s10-plus-128-gb-samsung-turkiye-garantili-p-HBV00000HBKG2,989,5,5399.9
TRUE,Xiaomi Redmi Note 8 64 GB (Ithalatci Garantili),https://hepsiburada.com/xiaomi-redmi-note-8-64-gb-ithalatci-garantili-p-HBV00000RIZXF,220,4,2239
TRUE,Xiaomi Redmi Note 9S 128 GB (Xiaomi Turkiye Garantili),https://hepsiburada.com/xiaomi-redmi-note-9s-128-gb-xiaomi-turkiye-garantili-p-HBV00000TC9HA,452,5,3149.9
TRUE,iPhone 11 64 GB,https://hepsiburada.com/iphone-11-64-gb-p-HBV00000NSBZ6,1196,5,7599.9
TRUE,Samsung Galaxy A31 128 GB (Samsung Turkiye Garantili),https://hepsiburada.com/samsung-galaxy-a31-128-gb-samsung-turkiye-garantili-p-HBV00000SXPN0,113,5,2868
TRUE,Huawei Y6 2019 Dual Sim 32 GB (Ithalatci Garantili),https://hepsiburada.com/huawei-y6-2019-dual-sim-32-gb-ithalatci-garantili-p-HBV00000KKIZO,92,5,1679
TRUE,Samsung Galaxy Note 10 Plus 256 GB (Samsung Turkiye Garantili),https://hepsiburada.com/samsung-galaxy-note-10-plus-256-gb-samsung-turkiye-garantili-p-HBV00000MK442,257,5,7999.9
TRUE,Samsung B310 Dual Sim,https://hepsiburada.com/samsung-b310-dual-sim-p-HBV000000LK8W,500,4,207.9
TRUE,Xiaomi Mi Note 10 Lite 64 GB (Xiaomi Turkiye Garantiili),https://hepsiburada.com/xiaomi-mi-note-10-lite-64-gb-xiaomi-turkiye-garantiili-p-HBV00000TONGK,270,5,3729.9
TRUE,Xiaomi Redmi 9 64 GB (Xiaomi Turkiye Garantili),https://hepsiburada.com/xiaomi-redmi-9-64-gb-xiaomi-turkiye-garantili-p-HBV00000WG7K4,18,5,2419.9
TRUE,Samsung B350 Dual Sim,https://hepsiburada.com/samsung-b350-dual-sim-p-HBV000001NVV9,222,4,280
TRUE,Samsung Galaxy M11 32 GB (Samsung Turkiye Garantili),https://hepsiburada.com/samsung-galaxy-m11-32-gb-samsung-turkiye-garantili-p-HBV00000SXR5M,583,5,2249.89
TRUE,Xiaomi Redmi Note 9 128 GB (Ithalatci Garantili),https://hepsiburada.com/xiaomi-redmi-note-9-128-gb-ithalatci-garantili-p-HBV00000VSFX8,95,5,2715
TRUE,Xiaomi Redmi Note 8 64 GB (Xiaomi Turkiye Garantili),https://hepsiburada.com/xiaomi-redmi-note-8-64-gb-xiaomi-turkiye-garantili-p-HBV00000NBYGI,3323,5,2699.9
TRUE,Samsung Galaxy S20 128 GB (Samsung Turkiye Garantili),https://hepsiburada.com/samsung-galaxy-s20-128-gb-samsung-turkiye-garantili-p-HBV00000QXQIB,144,5,6899.9
TRUE,Reeder P13 Blue 16 GB 3 GB RAM (Reeder Turkiye Garantili),https://hepsiburada.com/reeder-p13-blue-16-gb-3-gb-ram-reeder-turkiye-garantili-p-HBV00000KJI11,127,4,1336
TRUE,Oppo Realme 5i 64 GB (Realme Turkiye Garantili),https://hepsiburada.com/oppo-realme-5i-64-gb-realme-turkiye-garantili-p-HBV00000QHGWX,438,5,2299.9
TRUE,Huawei P40 Lite 128 GB (Huawei Turkiye Garantili),https://hepsiburada.com/huawei-p40-lite-128-gb-huawei-turkiye-garantili-p-HBV00000SXPMR,177,4,3108
TRUE,Xiaomi Redmi Note 9 Pro 64 GB (Xiaomi Turkiye Garantili),https://hepsiburada.com/xiaomi-redmi-note-9-pro-64-gb-xiaomi-turkiye-garantili-p-HBV00000TOMQH,677,5,3329.9
TRUE,Xiaomi Mi Note 10 Lite 128 GB (Xiaomi Turkiye Garantiili),https://hepsiburada.com/xiaomi-mi-note-10-lite-128-gb-xiaomi-turkiye-garantiili-p-HBV00000TOMQB,1359,5,4099.9
TRUE,Xiaomi Redmi 8 64 GB (Ithalatci Garantili),https://hepsiburada.com/xiaomi-redmi-8-64-gb-ithalatci-garantili-p-HBV00000OUFUW,62,4,2049
TRUE,iPhone 7 32 GB,https://hepsiburada.com/iphone-7-32-gb-p-HBV0000012S8G,1473,5,3639.9
TRUE,Samsung Galaxy M31s 128 GB (Samsung Turkiye Garantili),https://hepsiburada.com/samsung-galaxy-m31s-128-gb-samsung-turkiye-garantili-p-HBV00000XJSW7,2,5,3199.9
TRUE,Huawei Y7 Pro 2019 Dual Sim 64 GB (Ithalatci Garantili),https://hepsiburada.com/huawei-y7-pro-2019-dual-sim-64-gb-ithalatci-garantili-p-HBV00000P42GB,5,5,1949
TRUE,General Mobile GM9 Go 16 GB (General Mobile Garantili),https://hepsiburada.com/general-mobile-gm9-go-16-gb-general-mobile-garantili-p-HBV00000KJE29,108,5,1499
TRUE,Nokia 210 (Ithalatci Garantili),https://hepsiburada.com/nokia-210-ithalatci-garantili-p-HBV00000PWRIR,38,4,280
TRUE,iPhone SE 128 GB,https://hepsiburada.com/iphone-se-128-gb-p-HBV00000SXR4E,146,5,5299.9
TRUE,iPhone SE 64 GB,https://hepsiburada.com/iphone-se-64-gb-p-HBV00000SXR4A,462,5,4949.9
TRUE,Samsung Galaxy Note 10 Lite 128 GB (Samsung Turkiye Garantili),https://hepsiburada.com/samsung-galaxy-note-10-lite-128-gb-samsung-turkiye-garantili-p-HBV00000QXQIK,819,5,4699.9
TRUE,General Mobile GM 20 64 GB (General Mobile Garantili),https://hepsiburada.com/general-mobile-gm-20-64-gb-general-mobile-garantili-p-HBV00000WJCAK,63,5,1899.89
TRUE,Huawei Y7 2019 Dual Sim 32 GB (Ithalatci Garantili),https://hepsiburada.com/huawei-y7-2019-dual-sim-32-gb-ithalatci-garantili-p-HBV00000P432T,81,4,1799
TRUE,Xiaomi Redmi Note 9S 64 GB (Xiaomi Turkiye Garantili),https://hepsiburada.com/xiaomi-redmi-note-9s-64-gb-xiaomi-turkiye-garantili-p-HBV00000TC9H7,134,5,2929.9
TRUE,Nokia 216 (Ithalatci Garantili),https://hepsiburada.com/nokia-216-ithalatci-garantili-p-HBV00000BGHM8,30,4,285
TRUE,Xiaomi Redmi Note 8 Pro 128 GB (Xiaomi Turkiye Garantili),https://hepsiburada.com/xiaomi-redmi-note-8-pro-128-gb-xiaomi-turkiye-garantili-p-HBV00000NRZLK,1960,5,3299.91
TRUE,Xiaomi Redmi 8A 32 GB (Xiaomi Turkiye Garantili),https://hepsiburada.com/xiaomi-redmi-8a-32-gb-xiaomi-turkiye-garantili-p-HBV00000NSBXO,920,5,2068
TRUE,Oppo Reno2 Z 128 GB (Oppo Turkiye Garantili),https://hepsiburada.com/oppo-reno2-z-128-gb-oppo-turkiye-garantili-p-HBV00000NS6NA,604,5,3199.9
TRUE,General Mobile GM 20 Pro 128 GB (General Mobile Garantili),https://hepsiburada.com/general-mobile-gm-20-pro-128-gb-general-mobile-garantili-p-HBV00000WJCAP,58,5,2259.9
TRUE,iPhone 11 128 GB,https://hepsiburada.com/iphone-11-128-gb-p-HBV00000NSB66,418,5,8329.9
TRUE,Xiaomi Redmi Note 8 Pro 64 GB (Xiaomi Turkiye Garantili),https://hepsiburada.com/xiaomi-redmi-note-8-pro-64-gb-xiaomi-turkiye-garantili-p-HBV00000P3T2Y,2298,5,3029.9
TRUE,Oppo Realme 6 128 GB 8 GB RAM (Realme Turkiye Garantili),https://hepsiburada.com/oppo-realme-6-128-gb-8-gb-ram-realme-turkiye-garantili-p-HBV00000UPE0F,148,5,3399
TRUE,Samsung Galaxy Note 20 Ultra 256 GB (Samsung Turkiye Garantili),https://hepsiburada.com/samsung-galaxy-note-20-ultra-256-gb-samsung-turkiye-garantili-p-HBV00000VSFWG,17,4,11899.9
TRUE,Yenilenmis NOKIA 112 (24 Ay Garantili),https://hepsiburada.com/yenilenmis-nokia-112-24-ay-garantili-p-HBV00000RTWOM,20,4,210
TRUE,Oppo Realme 6 Pro 128 GB (Realme Turkiye Garantili),https://hepsiburada.com/oppo-realme-6-pro-128-gb-realme-turkiye-garantili-p-HBV00000SKNP4,173,5,3499.9
TRUE,iPhone 8 Plus 128 GB,https://hepsiburada.com/iphone-8-plus-128-gb-p-HBV00000NGYZS,123,5,6249.91
TRUE,POCO X3 NFC 128 GB (POCO Turkiye Garantili),https://hepsiburada.com/poco-x3-nfc-128-gb-poco-turkiye-garantili-p-HBV00000ZKOXT,1,4,3799
TRUE,Xiaomi Redmi Note 9 64 GB (Xiaomi Turkiye Garantili),https://hepsiburada.com/xiaomi-redmi-note-9-64-gb-xiaomi-turkiye-garantili-p-HBV00000UGU48,155,5,2679.9
TRUE,Vestel Venus Go 8 GB (Vestel Garantili),https://hepsiburada.com/vestel-venus-go-8-gb-vestel-garantili-p-HBV00000ECGNI,33,4,1129
TRUE,Samsung Galaxy A11 32 GB (Samsung Turkiye Garantili),https://hepsiburada.com/samsung-galaxy-a11-32-gb-samsung-turkiye-garantili-p-HBV00000VGTO2,10,5,2270
TRUE,iPhone XR 64 GB,https://hepsiburada.com/iphone-xr-64-gb-p-HBV00000E8OSZ,305,5,6549.9
TRUE,Xiaomi Mi Note 10 Lite 128 GB 8 GB Ram (Xiaomi Turkiye Garantiili),https://hepsiburada.com/xiaomi-mi-note-10-lite-128-gb-8-gb-ram-xiaomi-turkiye-garantiili-p-HBV00000VSGMN,69,5,4179
TRUE,Huawei P Smart S 128 GB (Huawei Turkiye Garantili),https://hepsiburada.com/huawei-p-smart-s-128-gb-huawei-turkiye-garantili-p-HBV00000UPOUF,16,5,2480
TRUE,Oppo Reno 4 Lite 128 GB (Oppo Turkiye Garantili),https://hepsiburada.com/oppo-reno-4-lite-128-gb-oppo-turkiye-garantili-p-HBV00000XJSW9,8,5,3499.9
TRUE,Samsung Galaxy A21s 64 GB (Samsung Turkiye Garantili),https://hepsiburada.com/samsung-galaxy-a21s-64-gb-samsung-turkiye-garantili-p-HBV00000V3WE7,48,5,2689
TRUE,Reeder P13 Max Blue 64 GB (Reeder Turkiye Garantili),https://hepsiburada.com/reeder-p13-max-blue-64-gb-reeder-turkiye-garantili-p-HBV00000VGO8P,9,4,1798
TRUE,Nokia 3310 3G (Nokia Turkiye Garantili),https://hepsiburada.com/nokia-3310-3g-nokia-turkiye-garantili-p-HBV00000J2NWP,10,3,479
TRUE,Huawei P30 Lite 128 GB (Huawei Turkiye Garantili),https://hepsiburada.com/huawei-p30-lite-128-gb-huawei-turkiye-garantili-p-HBV00000KKI6I,800,5,2899.9
TRUE,iPhone 11 Pro Max 64 GB,https://hepsiburada.com/iphone-11-pro-max-64-gb-p-HBV00000NSB6V,109,5,12449.9
TRUE,Samsung Galaxy A51 2020 128 GB (Samsung Turkiye Garantili),https://hepsiburada.com/samsung-galaxy-a51-2020-128-gb-samsung-turkiye-garantili-p-HBV00000Q7L4Z,1456,5,3439
TRUE,Nokia 216 Dual Sim (Ithalatci Garantili),https://hepsiburada.com/nokia-216-dual-sim-ithalatci-garantili-p-HBV00000BGHMA,82,3,305
TRUE,Samsung Galaxy A01 16 GB (Samsung Turkiye Garantili),https://hepsiburada.com/samsung-galaxy-a01-16-gb-samsung-turkiye-garantili-p-HBV00000R6F0L,211,5,1939
TRUE,Samsung Galaxy A71 2020 128 GB (Samsung Turkiye Garantili),https://hepsiburada.com/samsung-galaxy-a71-2020-128-gb-samsung-turkiye-garantili-p-HBV00000RC5SP,985,5,3999
TRUE,Meizu M10 32 GB (Meizu Turkiye Garantili),https://hepsiburada.com/meizu-m10-32-gb-meizu-turkiye-garantili-p-HBV00000Q7L6M,42,5,1799.89
TRUE,Samsung Galaxy S20 Plus 128 GB (Samsung Turkiye Garantili),https://hepsiburada.com/samsung-galaxy-s20-plus-128-gb-samsung-turkiye-garantili-p-HBV00000QW67F,173,5,7899.9
TRUE,Huawei P Smart Pro 128 GB 2019 (Huawei Turkiye Garantili),https://hepsiburada.com/huawei-p-smart-pro-128-gb-2019-huawei-turkiye-garantili-p-HBV00000QHJ7L,37,5,2869.9
TRUE,General Mobile GM9 Plus 32 GB (General Mobile Garantili),https://hepsiburada.com/general-mobile-gm9-plus-32-gb-general-mobile-garantili-p-HBV00000TBK10,17,5,1799
TRUE,General Mobile GM10 64 GB (General Mobile Garantili),https://hepsiburada.com/general-mobile-gm10-64-gb-general-mobile-garantili-p-HBV00000WCWQH,29,5,1850
TRUE,iPhone 11 256 GB,https://hepsiburada.com/iphone-11-256-gb-p-HBV00000NSB6E,68,5,8529.9
TRUE,Huawei P40 Lite E 64 GB (Huawei Turkiye Garantili),https://hepsiburada.com/huawei-p40-lite-e-64-gb-huawei-turkiye-garantili-p-HBV00000TBK1N,23,4,2525
TRUE,iPhone 11 Pro 64 GB,https://hepsiburada.com/iphone-11-pro-64-gb-p-HBV00000NSB60,86,5,11199.9
TRUE,Samsung Galaxy Grand Prime Plus G532 (Samsung Turkiye Garantili),https://hepsiburada.com/samsung-galaxy-grand-prime-plus-g532-samsung-turkiye-garantili-p-HBV000001YEI3,225,4,1499.99
TRUE,Xiaomi Redmi 8 32 GB (Xiaomi Turkiye Garantili),https://hepsiburada.com/xiaomi-redmi-8-32-gb-xiaomi-turkiye-garantili-p-HBV00000OGLES,547,5,2215
TRUE,Xiaomi Redmi 9A 32 GB (Xiaomi Turkiye Garantili),https://hepsiburada.com/xiaomi-redmi-9a-32-gb-xiaomi-turkiye-garantili-p-HBV00000X8S3V,4,5,2067.52
TRUE,Xiaomi Redmi Note 9 64 GB (Ithalatci Garantili),https://hepsiburada.com/xiaomi-redmi-note-9-64-gb-ithalatci-garantili-p-HBV00000VSFX4,4,5,2549
TRUE,LG K61 128 GB (LG Turkiye Garantili),https://hepsiburada.com/lg-k61-128-gb-lg-turkiye-garantili-p-HBV00000XKZ64,9,5,3199
TRUE,Huawei Y6S 32 GB (Huawei Turkiye Garantili),https://hepsiburada.com/huawei-y6s-32-gb-huawei-turkiye-garantili-p-HBV00000QHQZI,41,5,2079.9
TRUE,Oppo A72 128 GB (Oppo Turkiye Garantili),https://hepsiburada.com/oppo-a72-128-gb-oppo-turkiye-garantili-p-HBV00000V3YQ5,25,5,2907
TRUE,Samsung Galaxy J5 (Ithalatci Garantili),https://hepsiburada.com/samsung-galaxy-j5-ithalatci-garantili-p-TELCEPSAMJ5GRC-B,5,4,1425
TRUE,Samsung Galaxy Note 20 256 GB (Samsung Turkiye Garantili),https://hepsiburada.com/samsung-galaxy-note-20-256-gb-samsung-turkiye-garantili-p-HBV00000VSEDB,15,5,8799.9
TRUE,Huawei P20 Lite 64 GB (Ithalatci Garantili),https://hepsiburada.com/huawei-p20-lite-64-gb-ithalatci-garantili-p-HBV00000BFPSU,446,4,2199.99
TRUE,Oppo A31 64 GB (Oppo Turkiye Garantili),https://hepsiburada.com/oppo-a31-64-gb-oppo-turkiye-garantili-p-HBV00000V3WGO,13,5,2569
TRUE,Nokia C2-00 Cift Sim Kart,https://hepsiburada.com/nokia-c2-00-cift-sim-kart-p-TEOCEPNOKC200-M,41,4,389
TRUE,Oppo A5s 32 GB (Oppo Turkiye Garantili),https://hepsiburada.com/oppo-a5s-32-gb-oppo-turkiye-garantili-p-HBV00000NRZM2,204,5,2135
TRUE,Yenilenmis Samsung Galaxy S3 Mini 8 GB (12 Ay Garantili),https://hepsiburada.com/yenilenmis-samsung-galaxy-s3-mini-8-gb-12-ay-garantili-p-HBV000007HJ4Y,13,3,469
TRUE,Casper Via X20 128 GB (Casper Turkiye Garantili),https://hepsiburada.com/casper-via-x20-128-gb-casper-turkiye-garantili-p-HBV00000WCWQL,2,5,3149
TRUE,Oppo Reno 3 128 GB (Oppo Turkiye Garantili),https://hepsiburada.com/oppo-reno-3-128-gb-oppo-turkiye-garantili-p-HBV00000TCE3W,60,5,3759.9
TRUE,Samsung Galaxy M20 32 GB (Samsung Turkiye Garantili),https://hepsiburada.com/samsung-galaxy-m20-32-gb-samsung-turkiye-garantili-p-HBV00000HBKG6,2660,5,2384
TRUE,Samsung Galaxy S20 Ultra 128 GB (Samsung Turkiye Garantili),https://hepsiburada.com/samsung-galaxy-s20-ultra-128-gb-samsung-turkiye-garantili-p-HBV00000QW67B,66,4,10259
TRUE,Huawei P30 Lite 64 GB (Huawei Turkiye Garantili),https://hepsiburada.com/huawei-p30-lite-64-gb-huawei-turkiye-garantili-p-HBV00000PWOET,151,5,2639
TRUE,Oppo Realme C2 32 GB (Realme Turkiye Garantili),https://hepsiburada.com/oppo-realme-c2-32-gb-realme-turkiye-garantili-p-HBV00000WJCA3,3,5,1899.89
TRUE,Meizu Note 8 64 GB (Meizu Turkiye Garantili),https://hepsiburada.com/meizu-note-8-64-gb-meizu-turkiye-garantili-p-HBV00000HBV5T,94,5,1949.89
TRUE,Xiaomi Redmi 7A 32 GB (Xiaomi Turkiye Garantili),https://hepsiburada.com/xiaomi-redmi-7a-32-gb-xiaomi-turkiye-garantili-p-HBV00000MKITM,444,5,1949
TRUE,Oppo A9 2020 128 GB (Oppo Turkiye Garantili),https://hepsiburada.com/oppo-a9-2020-128-gb-oppo-turkiye-garantili-p-HBV00000NS6N4,219,5,2850
TRUE,Huawei Y9 Prime 2019 128 GB (Huawei Turkiye Garantili),https://hepsiburada.com/huawei-y9-prime-2019-128-gb-huawei-turkiye-garantili-p-HBV00000MK44S,142,5,2588
TRUE,Oppo A91 128 GB (Oppo Turkiye Garantili),https://hepsiburada.com/oppo-a91-128-gb-oppo-turkiye-garantili-p-HBV00000V56O0,26,5,3249.9
TRUE,Oppo A5 2020 64 GB (Oppo Turkiye Garantili),https://hepsiburada.com/oppo-a5-2020-64-gb-oppo-turkiye-garantili-p-HBV00000NS6N1,219,5,2487
TRUE,Oppo Reno 4 128 GB (Oppo Turkiye Garantili),https://hepsiburada.com/oppo-reno-4-128-gb-oppo-turkiye-garantili-p-HBV00000XK8ZI,2,5,4399
TRUE,Oppo A52 64 GB (Oppo Turkiye Garantili),https://hepsiburada.com/oppo-a52-64-gb-oppo-turkiye-garantili-p-HBV00000V3WGQ,6,5,2687
TRUE,Huawei P Smart 2019 64 GB (Huawei Turkiye Garantili),https://hepsiburada.com/huawei-p-smart-2019-64-gb-huawei-turkiye-garantili-p-HBV00000GPCY3,889,5,2539
TRUE,Yenilenmis Apple iPhone 7 32 GB (12 Ay Garantili),https://hepsiburada.com/yenilenmis-apple-iphone-7-32-gb-12-ay-garantili-p-HBV000009XNT3,68,4,2589
TRUE,Samsung Galaxy A10s 32 GB (Samsung Turkiye Garantili),https://hepsiburada.com/samsung-galaxy-a10s-32-gb-samsung-turkiye-garantili-p-HBV00000NBYGN,434,5,2297
TRUE,Yenilenmis Apple iPhone 6 32 GB (12 Ay Garantili),https://hepsiburada.com/yenilenmis-apple-iphone-6-32-gb-12-ay-garantili-p-HBV00000A6MEF,19,5,1568
TRUE,Xiaomi Redmi Note 8 128 GB (Xiaomi Turkiye Garantili),https://hepsiburada.com/xiaomi-redmi-note-8-128-gb-xiaomi-turkiye-garantili-p-HBV00000NSBXR,827,5,2949.91
TRUE,iPhone XR 128 GB,https://hepsiburada.com/iphone-xr-128-gb-p-HBV00000FSSVN,34,5,6989.9
TRUE,LG K9 16 GB (LG Turkiye Garantili),https://hepsiburada.com/lg-k9-16-gb-lg-turkiye-garantili-p-HBV00000C5DEN,19,4,1521
TRUE,Yenilenmis Apple iPhone 6S 16 GB (12 Ay Garantili),https://hepsiburada.com/yenilenmis-apple-iphone-6s-16-gb-12-ay-garantili-p-HBV0000077K54,58,4,1586
TRUE,Samsung Galaxy S7 Edge (Samsung Turkiye Garantili),https://hepsiburada.com/samsung-galaxy-s7-edge-samsung-turkiye-garantili-p-TELCEPSAMS7E32-GD,634,5,2999.99
TRUE,Samsung Galaxy A30s 64 GB (Samsung Turkiye Garantili),https://hepsiburada.com/samsung-galaxy-a30s-64-gb-samsung-turkiye-garantili-p-HBV00000NIK38,337,5,2790
TRUE,Yenilenmis Apple iPhone 5S 16 GB (12 Ay Garantili),https://hepsiburada.com/yenilenmis-apple-iphone-5s-16-gb-12-ay-garantili-p-HBV000006IPUI,70,4,959
TRUE,Hiking A19 64 GB (Ithalatci Garantili),https://hepsiburada.com/hiking-a19-64-gb-ithalatci-garantili-p-HBV00000VSEE5,5,4,1584
TRUE,Xiaomi Redmi Note 8 Pro 64 GB (Ithalatci Garantili),https://hepsiburada.com/xiaomi-redmi-note-8-pro-64-gb-ithalatci-garantili-p-HBV00000NOORH,107,4,3550
TRUE,Yenilenmis Apple iPhone 6S 32 GB (12 Ay Garantili),https://hepsiburada.com/yenilenmis-apple-iphone-6s-32-gb-12-ay-garantili-p-HBV00000A3QXN,25,4,1825
TRUE,Huawei Y6 2019 32 GB (Huawei Turkiye Garantili),https://hepsiburada.com/huawei-y6-2019-32-gb-huawei-turkiye-garantili-p-HBV00000J2NXW,438,5,1999.48
TRUE,Samsung Galaxy S20 FE 128 GB (Samsung Turkiye Garantili),https://hepsiburada.com/samsung-galaxy-s20-fe-128-gb-samsung-turkiye-garantili-p-HBV00000XJSU6,5,4,6199
TRUE,Xiaomi Mi 10 256 GB 5G (Xiaomi Turkiye Garantili),https://hepsiburada.com/xiaomi-mi-10-256-gb-5g-xiaomi-turkiye-garantili-p-HBV00000SKNNQ,112,4,8499
TRUE,Xiaomi Redmi Note 7 128 GB (Ithalatci Garantili),https://hepsiburada.com/xiaomi-redmi-note-7-128-gb-ithalatci-garantili-p-HBV00000JGNRP,42,5,2499.99
TRUE,Yenilenmis Apple iPhone 6 16 GB (12 Ay Garantili),https://hepsiburada.com/yenilenmis-apple-iphone-6-16-gb-12-ay-garantili-p-HBV0000079GII,49,4,1319
TRUE,Samsung Galaxy Note 10 256 GB (Samsung Turkiye Garantili),https://hepsiburada.com/samsung-galaxy-note-10-256-gb-samsung-turkiye-garantili-p-HBV00000M2S97,268,5,7099
TRUE,iPhone 7 128 GB,https://hepsiburada.com/iphone-7-128-gb-p-HBV0000012S8J,332,5,4399.9
TRUE,Samsung Galaxy A3 2017 (Samsung Turkiye Garantili),https://hepsiburada.com/samsung-galaxy-a3-2017-samsung-turkiye-garantili-p-HBV000002XUAA,130,5,2099.99
TRUE,Samsung Galaxy A2 Core 16 GB (Samsung Turkiye Garantili),https://hepsiburada.com/samsung-galaxy-a2-core-16-gb-samsung-turkiye-garantili-p-HBV00000KXK4P,199,5,1947
TRUE,Oppo Realme C2 64 GB (Realme Turkiye Garantili),https://hepsiburada.com/oppo-realme-c2-64-gb-realme-turkiye-garantili-p-HBV00000Q7I2N,166,5,2128
TRUE,Huawei Y6p 64 GB (Huawei Turkiye Garantili),https://hepsiburada.com/huawei-y6p-64-gb-huawei-turkiye-garantili-p-HBV00000UPE06,5,4,2333
TRUE,Oppo Realme 6i 128 GB (Realme Turkiye Garantili),https://hepsiburada.com/oppo-realme-6i-128-gb-realme-turkiye-garantili-p-HBV00000SKUMI,206,5,2699
TRUE,iPhone 11 Pro Max 512 GB,https://hepsiburada.com/iphone-11-pro-max-512-gb-p-HBV00000NSB73,32,5,15998.99
TRUE,Samsung Galaxy A70 2019 128 GB (Samsung Turkiye Garantili),https://hepsiburada.com/samsung-galaxy-a70-2019-128-gb-samsung-turkiye-garantili-p-HBV00000JGNUG,1165,5,3725
TRUE,Oppo Realme C11 32 GB (Realme Turkiye Garantili),https://hepsiburada.com/oppo-realme-c11-32-gb-realme-turkiye-garantili-p-HBV00000YE9Z6,0,-1,1998
TRUE,Yenilenmis Apple iPhone 6S Plus 64 GB (12 Ay Garantili),https://hepsiburada.com/yenilenmis-apple-iphone-6s-plus-64-gb-12-ay-garantili-p-HBV00000878VJ,16,5,2999
TRUE,Oppo Realme C3i 32 GB (Realme Turkiye Garantili),https://hepsiburada.com/oppo-realme-c3i-32-gb-realme-turkiye-garantili-p-HBV00000WGAOB,1,4,1999
TRUE,Xiaomi Mi Note 10 128 GB (Xiaomi Turkiye Garantili),https://hepsiburada.com/xiaomi-mi-note-10-128-gb-xiaomi-turkiye-garantili-p-HBV00000P3RNS,128,4,5685
TRUE,TCL 10L 64 GB (TCL Turkiye Garantili),https://hepsiburada.com/tcl-10l-64-gb-tcl-turkiye-garantili-p-HBV00000TCE67,12,5,2349
TRUE,Oppo Reno 3 Pro 256 GB (Oppo Turkiye Garantili),https://hepsiburada.com/oppo-reno-3-pro-256-gb-oppo-turkiye-garantili-p-HBV00000TCE40,44,4,6160
TRUE,iPhone 11 Pro Max 256 GB,https://hepsiburada.com/iphone-11-pro-max-256-gb-p-HBV00000NSB6Y,59,5,14582.61
TRUE,Casper Via E3 32 GB,https://hepsiburada.com/casper-via-e3-32-gb-p-HBV00000M9EEG,56,5,1899
TRUE,Yenilenmis Samsung E1150 (12 Ay Garantili),https://hepsiburada.com/yenilenmis-samsung-e1150-12-ay-garantili-p-HBV00000WCWQV,0,-1,220
TRUE,Hiking X11,https://hepsiburada.com/hiking-x11-p-HBV00000P436W,11,4,219
TRUE,Vestel Venus E5 32 GB (Vestel Garantili),https://hepsiburada.com/vestel-venus-e5-32-gb-vestel-garantili-p-HBV00000Q7I3P,118,5,1899
TRUE,Huawei Y7 2019 Dual Sim 32 GB (Huawei Turkiye Garantili),https://hepsiburada.com/huawei-y7-2019-dual-sim-32-gb-huawei-turkiye-garantili-p-HBV00000IF4OQ,156,5,2259
TRUE,Gigaset GL390 (Gigaset Turkiye Garantili),https://hepsiburada.com/gigaset-gl390-gigaset-turkiye-garantili-p-HBV00000SXU8M,19,4,779
TRUE,General Mobile GM5 (General Mobile Garantili),https://hepsiburada.com/general-mobile-gm5-general-mobile-garantili-p-HBV000002PVYK,56,4,1599
TRUE,Vestel Venus Z40 128 GB (Vestel Garantili),https://hepsiburada.com/vestel-venus-z40-128-gb-vestel-garantili-p-HBV00000P3ROI,47,4,2698
TRUE,HONOR 8S 64 GB (Honor Turkiye Garantili),https://hepsiburada.com/honor-8s-64-gb-honor-turkiye-garantili-p-HBV00000VSGMF,8,5,1835
TRUE,Yenilenmis Apple iPhone 6S 64 GB (12 Ay Garantili),https://hepsiburada.com/yenilenmis-apple-iphone-6s-64-gb-12-ay-garantili-p-HBV000008S8AP,31,4,2089
TRUE,Samsung Galaxy A9 2018 128 GB (Samsung Turkiye Garantili),https://hepsiburada.com/samsung-galaxy-a9-2018-128-gb-samsung-turkiye-garantili-p-HBV00000F8REP,617,5,3249
TRUE,Samsung Galaxy J7 Prime 2 32 GB Dual Sim (Ithalatci Garantili),https://hepsiburada.com/samsung-galaxy-j7-prime-2-32-gb-dual-sim-ithalatci-garantili-p-HBV00000C0AIJ,4,4,1999
TRUE,Blackview BV1000,https://hepsiburada.com/blackview-bv1000-p-HBV00000QW675,6,5,1010
TRUE,Yenilenmis Samsung Galaxy Note 3 32 GB (12 Ay Garantili),https://hepsiburada.com/yenilenmis-samsung-galaxy-note-3-32-gb-12-ay-garantili-p-HBV000007AO0Q,10,4,1049
TRUE,Yenilenmis Samsung E1190 (12 Ay Garantili),https://hepsiburada.com/yenilenmis-samsung-e1190-12-ay-garantili-p-HBV00000WCWQT,0,-1,235
TRUE,Yenilenmis Samsung Galaxy S4 16 GB (12 Ay Garantili),https://hepsiburada.com/yenilenmis-samsung-galaxy-s4-16-gb-12-ay-garantili-p-HBV000007HIY1,4,4,839
TRUE,Yenilenmis Samsung Galaxy Note 5 32 GB (12 Ay Garantili),https://hepsiburada.com/yenilenmis-samsung-galaxy-note-5-32-gb-12-ay-garantili-p-HBV00000BD3NV,15,4,1699
TRUE,Yenilenmis Apple iPhone 6S Plus 32 GB (12 Ay Garantili),https://hepsiburada.com/yenilenmis-apple-iphone-6s-plus-32-gb-12-ay-garantili-p-HBV00000A3IFV,7,4,2495
TRUE,Alcatel 3088 (Alcatel Turkiye Garantili),https://hepsiburada.com/alcatel-3088-alcatel-turkiye-garantili-p-HBV00000PWRH5,22,4,1149
TRUE,Xiaomi Mi 9T 64 GB (Xiaomi Turkiye Garantili),https://hepsiburada.com/xiaomi-mi-9t-64-gb-xiaomi-turkiye-garantili-p-HBV00000KJE7C,768,5,3699
TRUE,POCO F2 Pro 128 GB (POCO Turkiye Garantili),https://hepsiburada.com/poco-f2-pro-128-gb-poco-turkiye-garantili-p-HBV00000UPERT,69,4,5885
TRUE,Yenilenmis Samsung Galaxy Note 4 (12 Ay Garantili),https://hepsiburada.com/yenilenmis-samsung-galaxy-note-4-12-ay-garantili-p-HBV000007AO18,30,4,1299
TRUE,Samsung Galaxy A20s 32 GB (Samsung Turkiye Garantili),https://hepsiburada.com/samsung-galaxy-a20s-32-gb-samsung-turkiye-garantili-p-HBV00000OELMW,200,5,2649
TRUE,Yenilenmis Samsung Galaxy Note 8 64 GB (12 Ay Garantili),https://hepsiburada.com/yenilenmis-samsung-galaxy-note-8-64-gb-12-ay-garantili-p-HBV00000HCYJT,16,4,2999
TRUE,Yenilenmis Samsung Galaxy S4 Mini (12 Ay Garantili),https://hepsiburada.com/yenilenmis-samsung-galaxy-s4-mini-12-ay-garantili-p-HBV000007HIY9,6,4,799
TRUE,Yenilenmis Samsung S3600i (12 Ay Garantili),https://hepsiburada.com/yenilenmis-samsung-s3600i-12-ay-garantili-p-HBV00000WCWQX,1,5,275
TRUE,iPhone SE 256 GB,https://hepsiburada.com/iphone-se-256-gb-p-HBV00000SXPKT,30,4,5899.91
TRUE,Huawei Y5 2019 16 GB (Huawei Turkiye Garantili),https://hepsiburada.com/huawei-y5-2019-16-gb-huawei-turkiye-garantili-p-HBV00000KJHXJ,97,4,1869
TRUE,LG K11 Prime 16 GB (LG Turkiye Garantili),https://hepsiburada.com/lg-k11-prime-16-gb-lg-turkiye-garantili-p-HBV00000HCZ8M,16,4,1719
TRUE,iPhone 8 64 GB,https://hepsiburada.com/iphone-8-64-gb-p-HBV000007PTP4,545,5,5788
TRUE,Yenilenmis Apple iPhone SE 16GB (12 Ay Garantili),https://hepsiburada.com/yenilenmis-apple-iphone-se-16gb-12-ay-garantili-p-HBV00000CQC1J,4,4,1369
TRUE,Huawei Nova 5T 128 GB (Huawei Turkiye Garantili),https://hepsiburada.com/huawei-nova-5t-128-gb-huawei-turkiye-garantili-p-HBV00000POHQG,83,5,4480
TRUE,Alcatel 2003G (Alcatel Turkiye Garantili),https://hepsiburada.com/alcatel-2003g-alcatel-turkiye-garantili-p-HBV00000EUF8C,72,4,739
TRUE,Samsung Galaxy A20 Dual Sim 32 GB (Ithalatci Garantili),https://hepsiburada.com/samsung-galaxy-a20-dual-sim-32-gb-ithalatci-garantili-p-HBV00000K4FK1,96,4,2349.99
TRUE,Oppo Reno Z 128 GB (Oppo Turkiye Garantili),https://hepsiburada.com/oppo-reno-z-128-gb-oppo-turkiye-garantili-p-HBV00000N216E,42,5,3199
TRUE,Samsung Galaxy J7 3G (Ithalatci Garantili),https://hepsiburada.com/samsung-galaxy-j7-3g-ithalatci-garantili-p-TELCEPSAMJ7G3G-S,1,4,1699
TRUE,Samsung Galaxy S8 (Samsung Turkiye Garantili),https://hepsiburada.com/samsung-galaxy-s8-samsung-turkiye-garantili-p-HBV000004FKMD,413,5,3799.99
TRUE,Yenilenmis Apple iPhone 5 16 GB (6 Ay Garantili),https://hepsiburada.com/yenilenmis-apple-iphone-5-16-gb-6-ay-garantili-p-HBV000008CYVS,13,4,839
TRUE,Yenilenmis Apple iPhone 6 16 GB (6 Ay Garantili),https://hepsiburada.com/yenilenmis-apple-iphone-6-16-gb-6-ay-garantili-p-HBV00000AAHZC,11,4,1279
TRUE,Samsung Galaxy J7 Pro 32 GB (Samsung Turkiye Garantili),https://hepsiburada.com/samsung-galaxy-j7-pro-32-gb-samsung-turkiye-garantili-p-HBV000009FKK1,263,4,2399.99
TRUE,Samsung Galaxy A7 2017 (Samsung Turkiye Garantili),https://hepsiburada.com/samsung-galaxy-a7-2017-samsung-turkiye-garantili-p-HBV000002XUA0,432,4,2449.99
TRUE,Samsung Galaxy A50 2019 Dual Sim 128 GB (Ithalatci Garantili),https://hepsiburada.com/samsung-galaxy-a50-2019-dual-sim-128-gb-ithalatci-garantili-p-HBV00000KJE6Q,30,4,3299
TRUE,Oppo A12 32 GB (Oppo Turkiye Garantili),https://hepsiburada.com/oppo-a12-32-gb-oppo-turkiye-garantili-p-HBV00000V3WGL,2,5,2189
TRUE,iPhone XS 256 GB,https://hepsiburada.com/iphone-xs-256-gb-p-HBV00000E8OSO,61,5,9345
TRUE,Yenilenmis Apple iPhone 7 128 GB (12 Ay Garantili),https://hepsiburada.com/yenilenmis-apple-iphone-7-128-gb-12-ay-garantili-p-HBV000009KEX4,21,3,2939
TRUE,POCO X3 NFC 64 GB (POCO Turkiye Garantili),https://hepsiburada.com/poco-x3-nfc-64-gb-poco-turkiye-garantili-p-HBV00000YEA11,1,5,3699
TRUE,Yenilenmis Apple iPhone 6S 16 GB (6 Ay Garantili),https://hepsiburada.com/yenilenmis-apple-iphone-6s-16-gb-6-ay-garantili-p-HBV00000AAHZW,6,5,1549
TRUE,Huawei P30 Pro 256 GB (Huawei Turkiye Garantili),https://hepsiburada.com/huawei-p30-pro-256-gb-huawei-turkiye-garantili-p-HBV00000IMW17,33,5,8900
TRUE,Huawei Mate 20 Pro 128 GB (Huawei Turkiye Garantili),https://hepsiburada.com/huawei-mate-20-pro-128-gb-huawei-turkiye-garantili-p-HBV00000EUJUE,238,4,7099
TRUE,Alcatel 1066D (Alcatel Turkiye Garantili),https://hepsiburada.com/alcatel-1066d-alcatel-turkiye-garantili-p-HBV00000D1TKZ,8,3,599
TRUE,iPhone XR 256 GB,https://hepsiburada.com/iphone-xr-256-gb-p-HBV00000E8OT6,27,5,8399
TRUE,Yenilenmis Apple iPhone SE 32 GB (12 Ay Garantili),https://hepsiburada.com/yenilenmis-apple-iphone-se-32-gb-12-ay-garantili-p-HBV00000CQC1P,0,-1,1899
TRUE,Vestel Venus V6 (Vestel Garantili),https://hepsiburada.com/vestel-venus-v6-vestel-garantili-p-HBV00000EUJUI,100,5,1949
TRUE,BB Mobile E113,https://hepsiburada.com/bb-mobile-e113-p-TELCEPBBE113-B,30,4,199.9
TRUE,Yenilenmis Samsung Galaxy J7 Prime (12 Ay Garantili),https://hepsiburada.com/yenilenmis-samsung-galaxy-j7-prime-12-ay-garantili-p-HBV00000CQAHQ,0,-1,1399
TRUE,Yenilenmis Apple iPhone 6S 64 GB (6 Ay Garantili),https://hepsiburada.com/yenilenmis-apple-iphone-6s-64-gb-6-ay-garantili-p-HBV00000A8I8V,2,5,1999
TRUE,Yenilenmis Nokia 3310 (12 Ay Garantili),https://hepsiburada.com/yenilenmis-nokia-3310-12-ay-garantili-p-HBV00000OYQ6A,9,3,529
TRUE,Yenilenmis Apple iPhone 7 Plus 128 GB (12 Ay Garantili),https://hepsiburada.com/yenilenmis-apple-iphone-7-plus-128-gb-12-ay-garantili-p-HBV00000A8KJO,9,4,4189
TRUE,Xiaomi Redmi 9c 32 GB (Xiaomi Turkiye Garantili),https://hepsiburada.com/xiaomi-redmi-9c-32-gb-xiaomi-turkiye-garantili-p-HBV00000YE2ZY,0,-1,2349
TRUE,Huawei P40 Pro 256 GB (Huawei Turkiye Garantili),https://hepsiburada.com/huawei-p40-pro-256-gb-huawei-turkiye-garantili-p-HBV00000SXPMN,32,5,9999
TRUE,Yenilenmis Apple iPhone X 64 GB (12 Ay Garantili),https://hepsiburada.com/yenilenmis-apple-iphone-x-64-gb-12-ay-garantili-p-HBV00000HCZ93,7,4,5709
TRUE,Huawei Mate 20 Lite 64 GB (Huawei Turkiye Garantili),https://hepsiburada.com/huawei-mate-20-lite-64-gb-huawei-turkiye-garantili-p-HBV00000E4LFC,1338,5,3249
TRUE,iPhone XS Max 256 GB,https://hepsiburada.com/iphone-xs-max-256-gb-p-HBV00000E8OSV,8,5,11998.99
TRUE,Alcatel 1S 64 GB (Alcatel Turkiye Garantili),https://hepsiburada.com/alcatel-1s-64-gb-alcatel-turkiye-garantili-p-HBV00000Q7L7W,9,4,1785
TRUE,Huawei P20 Pro 128 GB (Huawei Turkiye Garantili),https://hepsiburada.com/huawei-p20-pro-128-gb-huawei-turkiye-garantili-p-HBV00000BAFY6,421,5,5395
TRUE,iPhone 6S Plus 32 GB,https://hepsiburada.com/iphone-6s-plus-32-gb-p-HBV0000019BBF,210,5,4345
TRUE,Samsung Galaxy J710 2016 Dual Sim (Ithalatci Garantili),https://hepsiburada.com/samsung-galaxy-j710-2016-dual-sim-ithalatci-garantili-p-TELCEPSAMJ710-GD,77,4,1729
TRUE,iPhone 7 Plus 32 GB,https://hepsiburada.com/iphone-7-plus-32-gb-p-HBV0000012S8Q,917,5,5840
TRUE,Samsung Galaxy S8 Plus (Samsung Turkiye Garantili),https://hepsiburada.com/samsung-galaxy-s8-plus-samsung-turkiye-garantili-p-HBV000004FKML,410,5,4199.99
TRUE,Huawei P20 Lite 64 GB (Huawei Turkiye Garantili),https://hepsiburada.com/huawei-p20-lite-64-gb-huawei-turkiye-garantili-p-HBV00000BAFY8,1023,4,2969
TRUE,Oppo RX17 Neo 128 GB (Oppo Turkiye Garantili),https://hepsiburada.com/oppo-rx17-neo-128-gb-oppo-turkiye-garantili-p-HBV00000GWK8V,68,5,2699
TRUE,Samsung Galaxy Z Flip 256 GB (Samsung Turkiye Garantili),https://hepsiburada.com/samsung-galaxy-z-flip-256-gb-samsung-turkiye-garantili-p-HBV00000RC5T2,11,4,10999.9
TRUE,Yenilenmis Apple iPhone 8 64 GB (12 Ay Garantili),https://hepsiburada.com/yenilenmis-apple-iphone-8-64-gb-12-ay-garantili-p-HBV00000CQC0Z,6,4,3879
TRUE,Huawei P8 16 GB (Ithalatci Garantili),https://hepsiburada.com/huawei-p8-16-gb-ithalatci-garantili-p-HBV00000QHHML,4,5,1699.99
TRUE,Xiaomi Mi A3 64 GB (Xiaomi Turkiye Garantili),https://hepsiburada.com/xiaomi-mi-a3-64-gb-xiaomi-turkiye-garantili-p-HBV00000MK46W,529,5,2849
TRUE,Casper Via S 64 GB,https://hepsiburada.com/casper-via-s-64-gb-p-HBV00000O5YOJ,45,5,2435
TRUE,Casper Via S 64 GB,https://hepsiburada.com/casper-via-s-64-gb-p-HBV00000O5YOJ,45,5,2435
TRUE,Xiaomi Mi A3 64 GB (Xiaomi Turkiye Garantili),https://hepsiburada.com/xiaomi-mi-a3-64-gb-xiaomi-turkiye-garantili-p-HBV00000MK46W,529,5,2849
TRUE,Casper Via P3 32 GB,https://hepsiburada.com/casper-via-p3-32-gb-p-HBV00000QXQK2,30,5,2039
TRUE,Yenilenmis Samsung Galaxy S5 16 GB (12 Ay Garantili),https://hepsiburada.com/yenilenmis-samsung-galaxy-s5-16-gb-12-ay-garantili-p-HBV000007AO0T,5,4,1099
TRUE,Yenilenmis Apple iPhone 5S 16 GB (6 Ay Garantili),https://hepsiburada.com/yenilenmis-apple-iphone-5s-16-gb-6-ay-garantili-p-HBV00000AAHZ0,8,4,999
TRUE,Yenilenmis Apple iPhone 6S Plus 16 GB (12 Ay Garantili),https://hepsiburada.com/yenilenmis-apple-iphone-6s-plus-16-gb-12-ay-garantili-p-HBV000009KS1M,9,4,2259
TRUE,Vestel Venus V7 64 GB (Vestel Garantili),https://hepsiburada.com/vestel-venus-v7-64-gb-vestel-garantili-p-HBV00000L977W,123,5,2229
TRUE,Samsung Galaxy Note 8 64 GB (Samsung Turkiye Garantili),https://hepsiburada.com/samsung-galaxy-note-8-64-gb-samsung-turkiye-garantili-p-HBV000007PTJL,371,5,5049
TRUE,Samsung Galaxy A10 32 GB (Samsung Turkiye Garantili),https://hepsiburada.com/samsung-galaxy-a10-32-gb-samsung-turkiye-garantili-p-HBV00000JFE8R,210,5,2378
TRUE,Huawei Mate Xs 512 GB (Huawei Turkiye Garantili),https://hepsiburada.com/huawei-mate-xs-512-gb-huawei-turkiye-garantili-p-HBV00000XKZ71,0,-1,29999
TRUE,Xiaomi Redmi 9 32 GB (Xiaomi Turkiye Garantili),https://hepsiburada.com/xiaomi-redmi-9-32-gb-xiaomi-turkiye-garantili-p-HBV00000XJSS1,0,-1,2333
TRUE,Vestel Venus Z30 (Vestel Garantili),https://hepsiburada.com/vestel-venus-z30-vestel-garantili-p-HBV00000HXT99,61,4,2329
TRUE,Oneplus 8 Pro 128 GB (Oneplus Turkiye Garantili),https://hepsiburada.com/oneplus-8-pro-128-gb-oneplus-turkiye-garantili-p-HBV00000UPES4,27,5,9999
TRUE,Yenilenmis Apple iPhone 6 Plus 16 GB (12 Ay Garantili),https://hepsiburada.com/yenilenmis-apple-iphone-6-plus-16-gb-12-ay-garantili-p-HBV000008RBUP,12,4,2069
TRUE,Yenilenmis LG G4 32 GB (12 Ay Garantili),https://hepsiburada.com/yenilenmis-lg-g4-32-gb-12-ay-garantili-p-HBV000006D0LP,22,4,1199
TRUE,Xiaomi Redmi Note 8 Pro 128 GB (Ithalatci Garantili),https://hepsiburada.com/xiaomi-redmi-note-8-pro-128-gb-ithalatci-garantili-p-HBV00000NOORD,68,5,3399.9
TRUE,iPhone 11 Pro 256 GB,https://hepsiburada.com/iphone-11-pro-256-gb-p-HBV00000NSB6P,35,5,13249
TRUE,Vestel Venus Z20 (Vestel Garantili),https://hepsiburada.com/vestel-venus-z20-vestel-garantili-p-HBV00000BMHLT,508,4,2450
TRUE,Yenilenmis Samsung Galaxy A5 2016 (12 Ay Garantili),https://hepsiburada.com/yenilenmis-samsung-galaxy-a5-2016-12-ay-garantili-p-HBV00000D6D63,4,5,1499
TRUE,HONOR 10 Lite 32 GB (Honor Turkiye Garantili),https://hepsiburada.com/honor-10-lite-32-gb-honor-turkiye-garantili-p-HBV00000HBKCS,271,5,2435
TRUE,Oneplus 8 Pro 256 GB (Oneplus Turkiye Garantili),https://hepsiburada.com/oneplus-8-pro-256-gb-oneplus-turkiye-garantili-p-HBV00000YDZYG,3,5,10999
TRUE,Yenilenmis Samsung Galaxy S5 16 GB (6 Ay Garantili),https://hepsiburada.com/yenilenmis-samsung-galaxy-s5-16-gb-6-ay-garantili-p-HBV00000AIH0U,1,3,1099
TRUE,Samsung Galaxy Xcover 4 16 GB (Samsung Turkiye Garantili),https://hepsiburada.com/samsung-galaxy-xcover-4-16-gb-samsung-turkiye-garantili-p-HBV00000ING52,1,5,2099
TRUE,Oppo Reno 4 Pro 256 GB (Oppo Turkiye Garantili),https://hepsiburada.com/oppo-reno-4-pro-256-gb-oppo-turkiye-garantili-p-HBV00000XJSWD,0,-1,6447
TRUE,Yenilenmis Samsung Galaxy S9 Plus 64 GB (12 Ay Garantili),https://hepsiburada.com/yenilenmis-samsung-galaxy-s9-plus-64-gb-12-ay-garantili-p-HBV00000K4AY2,8,5,3399
TRUE,Nokia 5 3 GB RAM (Nokia Turkiye Garantili),https://hepsiburada.com/nokia-5-3-gb-ram-nokia-turkiye-garantili-p-HBV00000E8K6T,9,4,1799
TRUE,Yenilenmis Samsung Galaxy S6 32 GB (12 Ay Garantili),https://hepsiburada.com/yenilenmis-samsung-galaxy-s6-32-gb-12-ay-garantili-p-HBV000007HSZK,6,3,1499
TRUE,Samsung Galaxy A80 2019 128 GB (Samsung Turkiye Garantili),https://hepsiburada.com/samsung-galaxy-a80-2019-128-gb-samsung-turkiye-garantili-p-HBV00000LFYXA,73,3,4044
TRUE,General Mobile GM9 Pro 64 GB (General Mobile Garantili),https://hepsiburada.com/general-mobile-gm9-pro-64-gb-general-mobile-garantili-p-HBV00000DTA0A,557,5,2249
TRUE,LG Q60 64 GB (LG Turkiye Garantili),https://hepsiburada.com/lg-q60-64-gb-lg-turkiye-garantili-p-HBV00000MKABI,95,4,2549
TRUE,Xiaomi Mi 9T Pro 64 GB (Ithalatci Garantili),https://hepsiburada.com/xiaomi-mi-9t-pro-64-gb-ithalatci-garantili-p-HBV00000NOILX,0,-1,4799.99
TRUE,iPhone XS Max 64 GB,https://hepsiburada.com/iphone-xs-max-64-gb-p-HBV00000E8OSS,110,5,10749
TRUE,Samsung Galaxy J6 Plus 32 GB (Samsung Turkiye Garantili),https://hepsiburada.com/samsung-galaxy-j6-plus-32-gb-samsung-turkiye-garantili-p-HBV00000ECGO3,294,4,2400
TRUE,Yenilenmis Apple iPhone 7 Plus 32 GB (12 Ay Garantili),https://hepsiburada.com/yenilenmis-apple-iphone-7-plus-32-gb-12-ay-garantili-p-HBV000008CKZX,11,4,3869
TRUE,Yenilenmis Samsung Galaxy S3 16 GB (12 Ay Garantili),https://hepsiburada.com/yenilenmis-samsung-galaxy-s3-16-gb-12-ay-garantili-p-HBV000007HBAP,6,4,719
TRUE,Xiaomi Mi 10 128 GB 5G (Xiaomi Turkiye Garantili),https://hepsiburada.com/xiaomi-mi-10-128-gb-5g-xiaomi-turkiye-garantili-p-HBV00000TOMQV,10,4,8169
TRUE,Xiaomi Redmi 9c 64GB (Xiaomi Turkiye Garantili),https://hepsiburada.com/xiaomi-redmi-9c-64gb-xiaomi-turkiye-garantili-p-HBV00000YDZX8,0,-1,2459
TRUE,Samsung Galaxy Z Fold2 256 GB (Samsung Turkiye Garantili),https://hepsiburada.com/samsung-galaxy-z-fold2-256-gb-samsung-turkiye-garantili-p-HBV00000XAK6G,1,1,19999.01
TRUE,Samsung Galaxy A20 32 GB (Samsung Turkiye Garantili),https://hepsiburada.com/samsung-galaxy-a20-32-gb-samsung-turkiye-garantili-p-HBV00000JFE8U,374,5,2700
TRUE,Samsung Galaxy Note 8 64 GB Dual Sim (Ithalatci Garantili),https://hepsiburada.com/samsung-galaxy-note-8-64-gb-dual-sim-ithalatci-garantili-p-HBV000008SNP0,400,5,4489.99
TRUE,Yenilenmis Samsung Galaxy S5 Mini (12 Ay Garantili),https://hepsiburada.com/yenilenmis-samsung-galaxy-s5-mini-12-ay-garantili-p-HBV000008KBJK,2,5,999
TRUE,iPhone 8 128 GB,https://hepsiburada.com/iphone-8-128-gb-p-HBV00000NGYZL,18,5,6289
TRUE,Xiaomi Redmi Note 7 64 GB (Ithalatci Garantili),https://hepsiburada.com/xiaomi-redmi-note-7-64-gb-ithalatci-garantili-p-HBV00000J2PH7,149,5,2999.9
TRUE,iPhone 11 Pro 512 GB,https://hepsiburada.com/iphone-11-pro-512-gb-p-HBV00000NSB6M,13,4,14188
TRUE,General Mobile GM5 Dual Sim (General Mobile Garantili),https://hepsiburada.com/general-mobile-gm5-dual-sim-general-mobile-garantili-p-HBV000002ET05,71,4,1599
TRUE,LG K40S 32 GB (LG Turkiye Garantili),https://hepsiburada.com/lg-k40s-32-gb-lg-turkiye-garantili-p-HBV00000RC6K1,46,5,2059
TRUE,Elephone PX 64 GB (Elephone Turkiye Garantili),https://hepsiburada.com/elephone-px-64-gb-elephone-turkiye-garantili-p-HBV00000UPE17,19,4,1930
TRUE,Yenilenmis Apple iPhone 6S Plus 64 GB (6 Ay Garantili),https://hepsiburada.com/yenilenmis-apple-iphone-6s-plus-64-gb-6-ay-garantili-p-HBV00000A8KMK,1,5,2749
TRUE,General Mobile GM5 Dual Sim (General Mobile Garantili),https://hepsiburada.com/general-mobile-gm5-dual-sim-general-mobile-garantili-p-HBV000002ET05,71,4,1599
TRUE,Xiaomi Redmi Note 7 64 GB (Ithalatci Garantili),https://hepsiburada.com/xiaomi-redmi-note-7-64-gb-ithalatci-garantili-p-HBV00000J2PH7,149,5,2999.9
TRUE,Alcatel 3X 2019 64 GB (Alcatel Turkiye Garantili),https://hepsiburada.com/alcatel-3x-2019-64-gb-alcatel-turkiye-garantili-p-HBV00000QHHOJ,34,5,1999
TRUE,Samsung Galaxy M30s 64 GB (Samsung Turkiye Garantili),https://hepsiburada.com/samsung-galaxy-m30s-64-gb-samsung-turkiye-garantili-p-HBV00000NBF6W,1227,5,3799.99
TRUE,Yenilenmis Samsung I8200 Galaxy S III Mini ( ikinci El ),https://hepsiburada.com/yenilenmis-samsung-i8200-galaxy-s-iii-mini-ikinci-el-p-TELCEPYI8200-B,1,3,499
TRUE,Oppo Realme C3 64 GB (Realme Turkiye Garantili),https://hepsiburada.com/oppo-realme-c3-64-gb-realme-turkiye-garantili-p-HBV00000SKQRU,1,5,2358
TRUE,General Mobile GM9 Pro Dual Sim 64 GB (General Mobile Garantili),https://hepsiburada.com/general-mobile-gm9-pro-dual-sim-64-gb-general-mobile-garantili-p-HBV00000JOVD3,111,5,2449
TRUE,Huawei Mate 20 Lite 64 GB (Ithalatci Garantili),https://hepsiburada.com/huawei-mate-20-lite-64-gb-ithalatci-garantili-p-HBV00000ED0RY,73,5,2899
TRUE,Yenilenmis Apple iPhone 6 Plus 128 GB (12 Ay Garantili),https://hepsiburada.com/yenilenmis-apple-iphone-6-plus-128-gb-12-ay-garantili-p-HBV000009KS1H,0,-1,2499
TRUE,Xiaomi Redmi Note 9 Pro 64 GB (Ithalatci Garantili),https://hepsiburada.com/xiaomi-redmi-note-9-pro-64-gb-ithalatci-garantili-p-HBV00000VGTNN,0,-1,3755
TRUE,General Mobile GM9 Go Dual Sim 16 GB (General Mobile Garantili),https://hepsiburada.com/general-mobile-gm9-go-dual-sim-16-gb-general-mobile-garantili-p-HBV00000KJE26,100,5,1687
TRUE,Yenilenmis Samsung Galaxy S10e 128 GB (12 Ay Garantili),https://hepsiburada.com/yenilenmis-samsung-galaxy-s10e-128-gb-12-ay-garantili-p-HBV00000O7884,0,-1,4099
TRUE,Yenilenmis Apple iPhone SE 16 GB (6 Ay Garantili),https://hepsiburada.com/yenilenmis-apple-iphone-se-16-gb-6-ay-garantili-p-HBV0000092H4F,1,1,1399
TRUE,Nokia 2220 Slide,https://hepsiburada.com/nokia-2220-slide-p-TELCEPNOK2220-P,29,3,499
TRUE,iPhone 8 256 GB,https://hepsiburada.com/iphone-8-256-gb-p-HBV000007PV9G,19,5,6540
TRUE,Oppo A73 (Oppo Turkiye Garantili),https://hepsiburada.com/oppo-a73-oppo-turkiye-garantili-p-HBV00000XK8Z4,0,-1,2899
TRUE,Xiaomi Mi 9 SE 64 GB (Ithalatci Garantili),https://hepsiburada.com/xiaomi-mi-9-se-64-gb-ithalatci-garantili-p-HBV00000KJHY4,72,4,3499.99
TRUE,Yenilenmis Apple iPhone 8 Plus 64 GB (12 Ay Garantili),https://hepsiburada.com/yenilenmis-apple-iphone-8-plus-64-gb-12-ay-garantili-p-HBV00000CQ6MC,10,3,4899
TRUE,Yenilenmis Apple iPhone 7 Plus 128 GB (6 Ay Garantili),https://hepsiburada.com/yenilenmis-apple-iphone-7-plus-128-gb-6-ay-garantili-p-HBV00000A8I9N,1,5,4249
TRUE,Yenilenmis Apple iPhone 6S 128 GB (12 Ay Garantili),https://hepsiburada.com/yenilenmis-apple-iphone-6s-128-gb-12-ay-garantili-p-HBV00000A3QXT,2,3,2249
TRUE,Yenilenmis Samsung Galaxy S4 i9500 ( Ikinci El ),https://hepsiburada.com/yenilenmis-samsung-galaxy-s4-i9500-ikinci-el-p-TELCEPYI9500-S,2,5,849
TRUE,Yenilenmis Samsung E5 (12 Ay Garantili),https://hepsiburada.com/yenilenmis-samsung-e5-12-ay-garantili-p-HBV000007HI68,3,4,1099
TRUE,Yenilenmis Apple iPhone 6 Plus 64 GB (12 Ay Garantili),https://hepsiburada.com/yenilenmis-apple-iphone-6-plus-64-gb-12-ay-garantili-p-HBV000008CKZT,6,4,2299
TRUE,Yenilenmis Huawei P9 Lite 2017 (12 Ay Garantili),https://hepsiburada.com/yenilenmis-huawei-p9-lite-2017-12-ay-garantili-p-HBV00000O6MLS,4,4,1799
TRUE,Xiaomi Mi 9 Lite 128 GB (Ithalatci Garantili),https://hepsiburada.com/xiaomi-mi-9-lite-128-gb-ithalatci-garantili-p-HBV00000NOORM,20,4,3999.99
TRUE,Huawei P30 128 GB (Huawei Turkiye Garantili),https://hepsiburada.com/huawei-p30-128-gb-huawei-turkiye-garantili-p-HBV00000IMW10,210,5,6459
TRUE,HONOR 7S 16 GB (Honor Turkiye Garantili),https://hepsiburada.com/honor-7s-16-gb-honor-turkiye-garantili-p-HBV00000K4AVT,16,4,1758
TRUE,Yenilenmis Apple iPhone 6S Plus 128 GB (12 Ay Garantili),https://hepsiburada.com/yenilenmis-apple-iphone-6s-plus-128-gb-12-ay-garantili-p-HBV00000A3IG0,1,5,2999
TRUE,Samsung Galaxy J4 Core 16 GB (Samsung Turkiye Garantili),https://hepsiburada.com/samsung-galaxy-j4-core-16-gb-samsung-turkiye-garantili-p-HBV00000HX5B5,18,4,2199
TRUE,TCL Plex 128 GB (TCL Turkiye Garantili),https://hepsiburada.com/tcl-plex-128-gb-tcl-turkiye-garantili-p-HBV00000OYCA1,100,5,3149
TRUE,iPhone 8 Plus 64 GB,https://hepsiburada.com/iphone-8-plus-64-gb-p-HBV000007PV9K,664,5,6520
TRUE,Samsung Galaxy A50 2019 64 GB (Samsung Turkiye Garantili),https://hepsiburada.com/samsung-galaxy-a50-2019-64-gb-samsung-turkiye-garantili-p-HBV00000IF4OW,1368,5,3449
TRUE,Nokia 6 (Nokia Turkiye Garantili),https://hepsiburada.com/nokia-6-nokia-turkiye-garantili-p-HBV000006GDRC,212,4,1799
TRUE,iPhone 6S 16 GB,https://hepsiburada.com/iphone-6s-16-gb-p-TELCEPIPH6S16GO-N,1156,5,2999
TRUE,Samsung Galaxy A30 2019 Dual Sim 64 GB (Ithalatci Garantili),https://hepsiburada.com/samsung-galaxy-a30-2019-dual-sim-64-gb-ithalatci-garantili-p-HBV00000K4FIA,32,5,2549.99
TRUE,Honor 9X 128 GB (Honor Turkiye Garantili),https://hepsiburada.com/honor-9x-128-gb-honor-turkiye-garantili-p-HBV00000OY7PC,7,4,2675
TRUE,Yenilenmis Apple iPhone 6 Plus 64 GB (6 Ay Garantili),https://hepsiburada.com/yenilenmis-apple-iphone-6-plus-64-gb-6-ay-garantili-p-HBV00000AAHZS,1,5,2299
TRUE,Oneplus 8 128 GB (Oneplus Turkiye Garantili),https://hepsiburada.com/oneplus-8-128-gb-oneplus-turkiye-garantili-p-HBV00000UPES2,19,5,7999
TRUE,TCL 10 Plus 64 GB (TCL Turkiye Garantili),https://hepsiburada.com/tcl-10-plus-64-gb-tcl-turkiye-garantili-p-HBV00000XAMI2,1,5,2888
TRUE,Huawei Y5p 32 GB (Huawei Turkiye Garantili),https://hepsiburada.com/huawei-y5p-32-gb-huawei-turkiye-garantili-p-HBV00000UPE0C,5,3,2022
TRUE,iPhone X 64 GB,https://hepsiburada.com/iphone-x-64-gb-p-HBV000007PV9T,471,5,8549
TRUE,Huawei P30 Pro 128 GB (Huawei Turkiye Garantili),https://hepsiburada.com/huawei-p30-pro-128-gb-huawei-turkiye-garantili-p-HBV00000IMW15,154,4,8129
TRUE,Yenilenmis Samsung N7500 Galaxy Note III Neo ( Ikinci El ),https://hepsiburada.com/yenilenmis-samsung-n7500-galaxy-note-iii-neo-ikinci-el-p-TELCEPYN7500-B,0,-1,899
TRUE,Oneplus Nord 128 GB (Oneplus Turkiye Garantili),https://hepsiburada.com/oneplus-nord-128-gb-oneplus-turkiye-garantili-p-HBV00000YDZYQ,1,4,5999
TRUE,Yenilenmis Samsung Galaxy S8 Plus (12 Ay Garantili),https://hepsiburada.com/yenilenmis-samsung-galaxy-s8-plus-12-ay-garantili-p-HBV00000CQAHI,11,5,2799
TRUE,Huawei P40 128 GB (Huawei Turkiye Garantili),https://hepsiburada.com/huawei-p40-128-gb-huawei-turkiye-garantili-p-HBV00000SXR4S,15,5,6999
TRUE,BB Mobile B310,https://hepsiburada.com/bb-mobile-b310-p-HBV00000BD3MN,4,2,199
TRUE,Yenilenmis Xiaomi Mi 5s 64GB (12 Ay Garantili),https://hepsiburada.com/yenilenmis-xiaomi-mi-5s-64gb-12-ay-garantili-p-HBV00000TOO9G,2,3,1799
TRUE,iPhone 7 Plus 128 GB,https://hepsiburada.com/iphone-7-plus-128-gb-p-HBV0000012S91,224,5,6469
TRUE,Yenilenmis Apple iPhone 6 128 GB (12 Ay Garantili),https://hepsiburada.com/yenilenmis-apple-iphone-6-128-gb-12-ay-garantili-p-HBV000009XNSZ,2,5,1999
TRUE,Yenilenmis Apple iPhone 6 Plus 16 GB (6 Ay Garantili),https://hepsiburada.com/yenilenmis-apple-iphone-6-plus-16-gb-6-ay-garantili-p-HBV00000AAHZP,1,1,2049
TRUE,Samsung Galaxy A7 2018 64 GB (Samsung Turkiye Garantili),https://hepsiburada.com/samsung-galaxy-a7-2018-64-gb-samsung-turkiye-garantili-p-HBV00000ED0R2,476,4,3199
TRUE,Yenilenmis Apple iPhone 6 64 GB (12 Ay Garantili),https://hepsiburada.com/yenilenmis-apple-iphone-6-64-gb-12-ay-garantili-p-HBV000007GDCP,17,4,1689
TRUE,iPhone XS 64 GB,https://hepsiburada.com/iphone-xs-64-gb-p-HBV00000E8OSK,236,5,8998
TRUE,General Mobile GM8 2019 Edition 32 GB (General Mobile Garantili),https://hepsiburada.com/general-mobile-gm8-2019-edition-32-gb-general-mobile-garantili-p-HBV00000O5YPJ,54,5,1749
TRUE,Yenilenmis LG G4 Beat (6 Ay Garantili),https://hepsiburada.com/yenilenmis-lg-g4-beat-6-ay-garantili-p-HBV000006N6DO,0,-1,699
TRUE,Vestel Venus E3 (Vestel Turkiye Garantili),https://hepsiburada.com/vestel-venus-e3-vestel-turkiye-garantili-p-HBV000009FI8V,357,4,2200
TRUE,TCL 10 Pro 128 GB (TCL Turkiye Garantili),https://hepsiburada.com/tcl-10-pro-128-gb-tcl-turkiye-garantili-p-HBV00000UPCHM,2,3,3899
TRUE,Infinix Hot 8 64 GB (INFINIX Turkiye Garantili),https://hepsiburada.com/infinix-hot-8-64-gb-infinix-turkiye-garantili-p-HBV00000WGAOI,0,-1,1975
TRUE,BB Mobile E111,https://hepsiburada.com/bb-mobile-e111-p-TELCEPBBE111-S,76,4,199.9
TRUE,Yenilenmis Samsung Galaxy A3 (12 Ay Garantili),https://hepsiburada.com/yenilenmis-samsung-galaxy-a3-12-ay-garantili-p-HBV000007HI5T,1,1,1300
TRUE,Yenilenmis Samsung Galaxy A7 2016 (12 Ay Garantili),https://hepsiburada.com/yenilenmis-samsung-galaxy-a7-2016-12-ay-garantili-p-HBV00000PNM17,0,-1,1499
TRUE,iPhone 6S 32 GB,https://hepsiburada.com/iphone-6s-32-gb-p-HBV0000017G28,1156,5,3999.9
TRUE,Samsung Galaxy S10e 128 GB (Samsung Turkiye Garantili),https://hepsiburada.com/samsung-galaxy-s10e-128-gb-samsung-turkiye-garantili-p-HBV00000HBV72,305,5,5915
TRUE,Yenilenmis Samsung Galaxy S7 32 GB (12 Ay Garantili),https://hepsiburada.com/yenilenmis-samsung-galaxy-s7-32-gb-12-ay-garantili-p-HBV00000BFPSY,9,4,2099
TRUE,Honor 20 Lite 128 GB (Honor Turkiye Garantili),https://hepsiburada.com/honor-20-lite-128-gb-honor-turkiye-garantili-p-HBV00000SG9H5,17,5,2699
TRUE,Huawei P20 Lite Dual Sim 64 GB (Ithalatci Garantili),https://hepsiburada.com/huawei-p20-lite-dual-sim-64-gb-ithalatci-garantili-p-HBV00000D6AVS,48,4,2549.99
TRUE,Yenilenmis Samsung Galaxy J710 2016 (12 Ay Garantili),https://hepsiburada.com/yenilenmis-samsung-galaxy-j710-2016-12-ay-garantili-p-HBV00000D1TML,1,3,1349
TRUE,Yenilenmis Samsung Galaxy J7 16 GB (12 Ay Garantili),https://hepsiburada.com/yenilenmis-samsung-galaxy-j7-16-gb-12-ay-garantili-p-HBV000007HIY6,2,1,1199
TRUE,Yenilenmis Apple iPhone 7 32 GB (6 Ay Garantili),https://hepsiburada.com/yenilenmis-apple-iphone-7-32-gb-6-ay-garantili-p-HBV00000A8I9F,2,5,2579
TRUE,Yenilenmis Samsung Galaxy A5 2017 (12 Ay Garantili),https://hepsiburada.com/yenilenmis-samsung-galaxy-a5-2017-12-ay-garantili-p-HBV00000PNM15,0,-1,1599
TRUE,Casper Via G4 32 GB,https://hepsiburada.com/casper-via-g4-32-gb-p-HBV00000KKI92,65,4,2299
TRUE,Casper Via G4 32 GB,https://hepsiburada.com/casper-via-g4-32-gb-p-HBV00000KKI92,65,4,2299
TRUE,Yenilenmis Samsung Galaxy S7 Edge 32 GB (12 Ay Garantili),https://hepsiburada.com/yenilenmis-samsung-galaxy-s7-edge-32-gb-12-ay-garantili-p-HBV000008KCB8,8,5,2299
TRUE,Tecno Camon 12 Air 64 GB (Tecno Turkiye Garantili),https://hepsiburada.com/tecno-camon-12-air-64-gb-tecno-turkiye-garantili-p-HBV00000SFNV4,184,5,2399
TRUE,Yenilenmis Samsung Galaxy J2 (12 Ay Garantili),https://hepsiburada.com/yenilenmis-samsung-galaxy-j2-12-ay-garantili-p-HBV00000D64PV,0,-1,979
TRUE,TCL 10 Plus 256 GB (TCL Turkiye Garantili),https://hepsiburada.com/tcl-10-plus-256-gb-tcl-turkiye-garantili-p-HBV00000XJSWH,0,-1,3968
TRUE,Honor 10 Lite 64 GB (Honor Turkiye Garantili),https://hepsiburada.com/honor-10-lite-64-gb-honor-turkiye-garantili-p-HBV00000S135T,5,5,2599
TRUE,Blackview BV6800 Pro 64 GB,https://hepsiburada.com/blackview-bv6800-pro-64-gb-p-HBV00000QW99Z,13,4,3349
TRUE,Samsung Galaxy S20 Plus BTS Edition 128 GB (Samsung Turkiye Garantili),https://hepsiburada.com/samsung-galaxy-s20-plus-bts-edition-128-gb-samsung-turkiye-garantili-p-HBV00000VGGIS,2,5,7899
TRUE,Yenilenmis Apple iPhone SE 64 GB (12 Ay Garantili),https://hepsiburada.com/yenilenmis-apple-iphone-se-64-gb-12-ay-garantili-p-HBV00000CQC1V,2,5,1699
TRUE,LG K41S 32 GB (LG Turkiye Garantili),https://hepsiburada.com/lg-k41s-32-gb-lg-turkiye-garantili-p-HBV00000XKZ61,0,-1,2072.92
TRUE,Huawei P20 128 GB (Huawei Turkiye Garantili),https://hepsiburada.com/huawei-p20-128-gb-huawei-turkiye-garantili-p-HBV00000BAFY2,164,5,4300
TRUE,Elephone E10 Pro 128 GB,https://hepsiburada.com/elephone-e10-pro-128-gb-p-HBV00000ZQV60,0,-1,3090
TRUE,Yenilenmis Huawei Mate 10 Lite (12 Ay Garantili),https://hepsiburada.com/yenilenmis-huawei-mate-10-lite-12-ay-garantili-p-HBV00000N23J1,3,3,1999
TRUE,HONOR 8S 32 GB (Honor Turkiye Garantili),https://hepsiburada.com/honor-8s-32-gb-honor-turkiye-garantili-p-HBV00000MK47B,12,5,1849
TRUE,Yenilenmis Samsung Galaxy S8 Plus (6 Ay Garantili),https://hepsiburada.com/yenilenmis-samsung-galaxy-s8-plus-6-ay-garantili-p-HBV0000093BYA,0,-1,2999
TRUE,Alcatel 1S 32 GB (Alcatel Turkiye Garantili),https://hepsiburada.com/alcatel-1s-32-gb-alcatel-turkiye-garantili-p-HBV00000O6MLQ,12,4,1699
TRUE,Yenilenmis Huawei P10 64 GB (12 Ay Garantili),https://hepsiburada.com/yenilenmis-huawei-p10-64-gb-12-ay-garantili-p-HBV00000PNM11,0,-1,1899
TRUE,Yenilenmis Apple iPhone 6 128 GB (6 Ay Garantili),https://hepsiburada.com/yenilenmis-apple-iphone-6-128-gb-6-ay-garantili-p-HBV00000AAHZ8,1,1,1888
TRUE,Huawei Mate 10 Lite (Huawei Turkiye Garantili),https://hepsiburada.com/huawei-mate-10-lite-huawei-turkiye-garantili-p-HBV0000093BZC,843,4,2599
TRUE,Yenilenmis Apple iPhone 6S 32 GB (6 Ay Garantili),https://hepsiburada.com/yenilenmis-apple-iphone-6s-32-gb-6-ay-garantili-p-HBV00000AIKVV,6,3,1829
TRUE,Blackberry Key2 Lite 64 GB (Blackberry Turkiye Garantili),https://hepsiburada.com/blackberry-key2-lite-64-gb-blackberry-turkiye-garantili-p-HBV00000LNIID,20,4,5499
TRUE,iPhone XS 512 GB,https://hepsiburada.com/iphone-xs-512-gb-p-HBV00000FSSVQ,13,5,10899
TRUE,Yenilenmis Samsung Galaxy A3 2017 16 GB (12 Ay Garantili),https://hepsiburada.com/yenilenmis-samsung-galaxy-a3-2017-16-gb-12-ay-garantili-p-HBV00000D4DF7,0,-1,1699
TRUE,Oppo Realme 5 Pro 128 GB (Realme Turkiye Garantili),https://hepsiburada.com/oppo-realme-5-pro-128-gb-realme-turkiye-garantili-p-HBV00000Q7KEL,237,5,3699.9
TRUE,Blackberry Key2 Lite 64 GB (Blackberry Turkiye Garantili),https://hepsiburada.com/blackberry-key2-lite-64-gb-blackberry-turkiye-garantili-p-HBV00000LNIID,20,4,5499
TRUE,Yenilenmis Samsung Galaxy A3 2017 16 GB (12 Ay Garantili),https://hepsiburada.com/yenilenmis-samsung-galaxy-a3-2017-16-gb-12-ay-garantili-p-HBV00000D4DF7,0,-1,1699
TRUE,Oppo Realme 5 Pro 128 GB (Realme Turkiye Garantili),https://hepsiburada.com/oppo-realme-5-pro-128-gb-realme-turkiye-garantili-p-HBV00000Q7KEL,237,5,3699.9
TRUE,Samsung Galaxy S9 Plus 64 GB (Samsung Turkiye Garantili),https://hepsiburada.com/samsung-galaxy-s9-plus-64-gb-samsung-turkiye-garantili-p-HBV00000AJRAV,388,5,5999
TRUE,Yenilenmis Huawei Mate 20 Pro 128 GB (12 Ay Garantili),https://hepsiburada.com/yenilenmis-huawei-mate-20-pro-128-gb-12-ay-garantili-p-HBV00000QW9AF,2,5,4999
TRUE,Yenilenmis Samsung Galaxy Note 3 32 GB (6 Ay Garantili),https://hepsiburada.com/yenilenmis-samsung-galaxy-note-3-32-gb-6-ay-garantili-p-HBV00000AIH0N,7,4,1299
TRUE,Yenilenmis Samsung Galaxy J5 8 GB (12 Ay Garantili),https://hepsiburada.com/yenilenmis-samsung-galaxy-j5-8-gb-12-ay-garantili-p-HBV000007HIY3,3,5,999
TRUE,Yenilenmis Apple iPhone 6S 32 GB (6 Ay Garantili),https://hepsiburada.com/yenilenmis-apple-iphone-6s-32-gb-6-ay-garantili-p-HBV00000AIKVV,6,3,1829
TRUE,Yenilenmis HTC One A9 (12 Ay Garantili),https://hepsiburada.com/yenilenmis-htc-one-a9-12-ay-garantili-p-HBV00000IDDFP,0,-1,1149
TRUE,Samsung Galaxy J8 32 GB (Samsung Turkiye Garantili),https://hepsiburada.com/samsung-galaxy-j8-32-gb-samsung-turkiye-garantili-p-HBV00000D5T4O,162,4,3229
TRUE,Elephone U3H 256 GB (Elephone Turkiye Garantili),https://hepsiburada.com/elephone-u3h-256-gb-elephone-turkiye-garantili-p-HBV00000UPE1B,8,3,2869
TRUE,Yenilenmis Samsung Galaxy S7 Edge 32 GB (6 Ay Garantili),https://hepsiburada.com/yenilenmis-samsung-galaxy-s7-edge-32-gb-6-ay-garantili-p-HBV00000AIH10,0,-1,2399
TRUE,Yenilenmis Apple iPhone 6 Plus 128 GB (12 Ay Garantili),https://hepsiburada.com/yenilenmis-apple-iphone-6-plus-128-gb-12-ay-garantili-p-HBV00000AAHZM,0,-1,2499
TRUE,Samsung Galaxy S10 128 GB (Samsung Turkiye Garantili),https://hepsiburada.com/samsung-galaxy-s10-128-gb-samsung-turkiye-garantili-p-HBV00000HCYMQ,163,5,6399
TRUE,Meizu M6T 32 GB (Meizu Turkiye Garantili),https://hepsiburada.com/meizu-m6t-32-gb-meizu-turkiye-garantili-p-HBV00000FMEWZ,63,4,1759
TRUE,Yenilenmis Apple iPhone 8 Plus 256 GB (12 Ay Garantili),https://hepsiburada.com/yenilenmis-apple-iphone-8-plus-256-gb-12-ay-garantili-p-HBV00000CQC1A,0,-1,6099
TRUE,Elephone E10 64 GB,https://hepsiburada.com/elephone-e10-64-gb-p-HBV00000ZQS3N,0,-1,2890
TRUE,Yenilenmis Samsung Galaxy Note 5 32 GB (6 Ay Garantili),https://hepsiburada.com/yenilenmis-samsung-galaxy-note-5-32-gb-6-ay-garantili-p-HBV00000A0270,2,4,1729
TRUE,Yenilenmis HTC One M7 (12 Ay Garantili),https://hepsiburada.com/yenilenmis-htc-one-m7-12-ay-garantili-p-HBV00000IDDFL,0,-1,999.99
TRUE,Asus Zenfone 3 Laser ZC551KL (Asus Turkiye Garantili),https://hepsiburada.com/asus-zenfone-3-laser-zc551kl-asus-turkiye-garantili-p-HBV0000035DSR,138,5,2300
TRUE,Infinix S5 Pro X660C 128 GB (Ithalatci Garantili),https://hepsiburada.com/infinix-s5-pro-x660c-128-gb-ithalatci-garantili-p-HBV00000VSF5H,1,5,2549
TRUE,Xiaomi Redmi 6A 16 GB (Xiaomi Turkiye Garantili),https://hepsiburada.com/xiaomi-redmi-6a-16-gb-xiaomi-turkiye-garantili-p-HBV00000E4EI9,77,4,1930
TRUE,Casper Via A4 64 GB,https://hepsiburada.com/casper-via-a4-64-gb-p-HBV00000PWNMH,66,5,2599
TRUE,Oppo Reno2 256 GB (Oppo Turkiye Garantili),https://hepsiburada.com/oppo-reno2-256-gb-oppo-turkiye-garantili-p-HBV00000NS6N7,15,5,5299
TRUE,Oppo Reno2 256 GB (Oppo Turkiye Garantili),https://hepsiburada.com/oppo-reno2-256-gb-oppo-turkiye-garantili-p-HBV00000NS6N7,15,5,5299
TRUE,Xiaomi Mi 8 Pro 128 GB 8 GB RAM (Xiaomi Turkiye Garantili),https://hepsiburada.com/xiaomi-mi-8-pro-128-gb-8-gb-ram-xiaomi-turkiye-garantili-p-HBV00000GWCGZ,7,4,4389
TRUE,HONOR 8C 32 GB (Honor Turkiye Garantili),https://hepsiburada.com/honor-8c-32-gb-honor-turkiye-garantili-p-HBV00000L9A91,22,5,2799.9
TRUE,Realme 5 Pro 128 GB (Ithalatci Garantili),https://hepsiburada.com/realme-5-pro-128-gb-ithalatci-garantili-p-HBV00000TOMRI,0,-1,3399.9
TRUE,Xiaomi Mi 9T 128 GB (Xiaomi Turkiye Garantili),https://hepsiburada.com/xiaomi-mi-9t-128-gb-xiaomi-turkiye-garantili-p-HBV00000KXK3B,336,5,4589
TRUE,Yenilenmis Lenovo K6 (12 Ay Garantili),https://hepsiburada.com/yenilenmis-lenovo-k6-12-ay-garantili-p-HBV00000HY07L,0,-1,999
TRUE,Tecno Spark 4 Lite 32 GB (Tecno Turkiye Garantili),https://hepsiburada.com/tecno-spark-4-lite-32-gb-tecno-turkiye-garantili-p-HBV00000SFNV9,89,4,1849
TRUE,Samsung Galaxy A6 Plus 32 GB Dual Sim (Ithalatci Garantili),https://hepsiburada.com/samsung-galaxy-a6-plus-32-gb-dual-sim-ithalatci-garantili-p-HBV00000C6JUR,9,5,2699
TRUE,Alcatel 3X 32 GB (Alcatel Turkiye Garantili),https://hepsiburada.com/alcatel-3x-32-gb-alcatel-turkiye-garantili-p-HBV00000KXG90,14,4,1899
TRUE,HONOR 20 128 GB (Honor Turkiye Garantili),https://hepsiburada.com/honor-20-128-gb-honor-turkiye-garantili-p-HBV00000OGSCI,3,4,5299.91
TRUE,Yenilenmis Huawei P20 Lite 64 GB (12 Ay Garantili),https://hepsiburada.com/yenilenmis-huawei-p20-lite-64-gb-12-ay-garantili-p-HBV00000NS6JY,1,5,1999
TRUE,Yenilenmis Apple iPhone 6 64 GB (6 Ay Garantili),https://hepsiburada.com/yenilenmis-apple-iphone-6-64-gb-6-ay-garantili-p-HBV00000AAHZH,3,4,1649
TRUE,Xiaomi Mi 9T 128 GB (Ithalatci Garantili),https://hepsiburada.com/xiaomi-mi-9t-128-gb-ithalatci-garantili-p-HBV00000LOFOL,19,5,4099
TRUE,Yenilenmis Huawei P20 Pro 128 GB (12 Ay Garantili),https://hepsiburada.com/yenilenmis-huawei-p20-pro-128-gb-12-ay-garantili-p-HBV00000N24A4,0,-1,3799
TRUE,Yenilenmis Apple iPhone 7 Plus 256 GB (12 Ay Garantili),https://hepsiburada.com/yenilenmis-apple-iphone-7-plus-256-gb-12-ay-garantili-p-HBV00000A8KJW,0,-1,4889
TRUE,Huawei P Smart 2021 128 GB (Huawei Turkiye Garantili),https://hepsiburada.com/huawei-p-smart-2021-128-gb-huawei-turkiye-garantili-p-HBV00000XKZ98,0,-1,3424
TRUE,Yenilenmis Apple iPhone 5 32 GB (6 Ay Garantili),https://hepsiburada.com/yenilenmis-apple-iphone-5-32-gb-6-ay-garantili-p-HBV000009KS1D,4,3,999
TRUE,Xiaomi Redmi Note 9 Pro 128 GB (Ithalatci Garantili),https://hepsiburada.com/xiaomi-redmi-note-9-pro-128-gb-ithalatci-garantili-p-HBV00000VGTNR,1,1,3955
TRUE,Xiaomi Redmi Note 9S 128 GB (Ithalatci Garantili),https://hepsiburada.com/xiaomi-redmi-note-9s-128-gb-ithalatci-garantili-p-HBV00000UGU4G,33,5,3608
TRUE,Yenilenmis Apple Iphone 4S 8 GB (6 Ay Garantili),https://hepsiburada.com/yenilenmis-apple-iphone-4s-8-gb-6-ay-garantili-p-HBV0000077K5A,0,-1,649
TRUE,Yenilenmis Samsung Galaxy S10 128 GB (12 Ay Garantili),https://hepsiburada.com/yenilenmis-samsung-galaxy-s10-128-gb-12-ay-garantili-p-HBV00000O7881,0,-1,4339
TRUE,Honor 8A 64 Gb (Honor Turkiye Garantili),https://hepsiburada.com/honor-8a-64-gb-honor-turkiye-garantili-p-HBV00000S1FK1,1,5,2499
TRUE,Yenilenmis Samsung Galaxy Note 9 128 GB (12 Ay Garantili),https://hepsiburada.com/yenilenmis-samsung-galaxy-note-9-128-gb-12-ay-garantili-p-HBV00000K4ZLG,13,4,4099
TRUE,Samsung Galaxy A70 2019 Dual Sim 128 GB (Ithalatci Garantili),https://hepsiburada.com/samsung-galaxy-a70-2019-dual-sim-128-gb-ithalatci-garantili-p-HBV00000KXK4U,1,5,3599
TRUE,Yenilenmis Samsung Galaxy Note 9 128 GB (12 Ay Garantili),https://hepsiburada.com/yenilenmis-samsung-galaxy-note-9-128-gb-12-ay-garantili-p-HBV00000K4ZLG,13,4,4099
TRUE,Honor 8A 64 Gb (Honor Turkiye Garantili),https://hepsiburada.com/honor-8a-64-gb-honor-turkiye-garantili-p-HBV00000S1FK1,1,5,2499
TRUE,Samsung Galaxy A70 2019 Dual Sim 128 GB (Ithalatci Garantili),https://hepsiburada.com/samsung-galaxy-a70-2019-dual-sim-128-gb-ithalatci-garantili-p-HBV00000KXK4U,1,5,3599
TRUE,General Mobile GM 20 Dual Sim 64 GB (General Mobile Garantili),https://hepsiburada.com/general-mobile-gm-20-dual-sim-64-gb-general-mobile-garantili-p-HBV00000WGAOW,0,-1,1910
TRUE,iPhone XS Max 512 GB,https://hepsiburada.com/iphone-xs-max-512-gb-p-HBV00000FSSVU,36,5,13559
TRUE,Samsung Galaxy S9 Plus Dual Sim 64 GB (Ithalatci Garantili),https://hepsiburada.com/samsung-galaxy-s9-plus-dual-sim-64-gb-ithalatci-garantili-p-HBV00000AQSEK,1,5,4799
TRUE,Yenilenmis Samsung Galaxy A8 Plus 2018 64 GB (12 Ay Garantili),https://hepsiburada.com/yenilenmis-samsung-galaxy-a8-plus-2018-64-gb-12-ay-garantili-p-HBV00000O787S,0,-1,2499
TRUE,Casper Via G3 32 GB,https://hepsiburada.com/casper-via-g3-32-gb-p-HBV00000HBKB9,34,4,1999
TRUE,Yenilenmis Apple iPhone 8 256 GB (12 Ay Garantili),https://hepsiburada.com/yenilenmis-apple-iphone-8-256-gb-12-ay-garantili-p-HBV00000CQC0V,0,-1,4889
TRUE,Huawei P10 Dual Sim 64 GB (Ithalatci Garantili),https://hepsiburada.com/huawei-p10-dual-sim-64-gb-ithalatci-garantili-p-HBV000005XPOZ,77,5,3249
TRUE,Yenilenmis Apple iPhone X 256 GB (12 Ay Garantili),https://hepsiburada.com/yenilenmis-apple-iphone-x-256-gb-12-ay-garantili-p-HBV00000HCYI3,3,4,6999
TRUE,Oppo Find X2 256 GB (Oppo Turkiye Garantili),https://hepsiburada.com/oppo-find-x2-256-gb-oppo-turkiye-garantili-p-HBV00000SXPNO,65,4,11499
TRUE,General Mobile GM8 32 GB (General Mobile Garantili),https://hepsiburada.com/general-mobile-gm8-32-gb-general-mobile-garantili-p-HBV00000GFAB4,372,4,1999
TRUE,Yenilenmis Samsung Galaxy J510 2016 (12 Ay Garantili),https://hepsiburada.com/yenilenmis-samsung-galaxy-j510-2016-12-ay-garantili-p-HBV00000CQAI5,0,-1,1299
TRUE,Yenilenmis Apple iPhone 7 128 GB (6 Ay Garantili),https://hepsiburada.com/yenilenmis-apple-iphone-7-128-gb-6-ay-garantili-p-HBV00000A8I97,0,-1,3099
TRUE,Yenilenmis Huawei P Smart 32 GB (12 Ay Garantili),https://hepsiburada.com/yenilenmis-huawei-p-smart-32-gb-12-ay-garantili-p-HBV00000NS6JU,1,1,1899
TRUE,Alcatel 1S (2020) 32 GB (Alcatel Turkiye Garantili),https://hepsiburada.com/alcatel-1s-2020-32-gb-alcatel-turkiye-garantili-p-HBV00000UH80H,4,5,1990
TRUE,Yenilenmis Samsung Galaxy Note 4 (6 Ay Garantili),https://hepsiburada.com/yenilenmis-samsung-galaxy-note-4-6-ay-garantili-p-HBV00000AIH0R,5,4,1329
TRUE,vivo X50 Lite 128 GB (Vivo Turkiye Garantili),https://hepsiburada.com/vivo-x50-lite-128-gb-vivo-turkiye-garantili-p-HBV00000WGAN5,3,5,3399.9
TRUE,Vestel Venus V5 (Vestel Garantili),https://hepsiburada.com/vestel-venus-v5-vestel-garantili-p-HBV000009AT9D,59,4,2499
TRUE,Elephone PX Pro 128 GB,https://hepsiburada.com/elephone-px-pro-128-gb-p-HBV00000ZQPRS,0,-1,3590
TRUE,Xiaomi Mi Mix 3 128 GB 6 GB RAM (Xiaomi Turkiye Garantili),https://hepsiburada.com/xiaomi-mi-mix-3-128-gb-6-gb-ram-xiaomi-turkiye-garantili-p-HBV00000IMW2J,27,5,6999
TRUE,HONOR 7C 32 GB (Honor Turkiye Garantili),https://hepsiburada.com/honor-7c-32-gb-honor-turkiye-garantili-p-HBV00000ED0Q1,24,5,2179
TRUE,Xiaomi Mi Note 10 Pro 256 GB (Xiaomi Turkiye Garantili),https://hepsiburada.com/xiaomi-mi-note-10-pro-256-gb-xiaomi-turkiye-garantili-p-HBV00000P4372,56,4,9913
TRUE,Elephone PX Pro 128 GB,https://hepsiburada.com/elephone-px-pro-128-gb-p-HBV00000ZQPRS,0,-1,3590
TRUE,Xiaomi Mi Note 10 Pro 256 GB (Xiaomi Turkiye Garantili),https://hepsiburada.com/xiaomi-mi-note-10-pro-256-gb-xiaomi-turkiye-garantili-p-HBV00000P4372,56,4,9913
TRUE,HONOR 7C 32 GB (Honor Turkiye Garantili),https://hepsiburada.com/honor-7c-32-gb-honor-turkiye-garantili-p-HBV00000ED0Q1,24,5,2179
TRUE,Yenilenmis Samsung Galaxy S8 (12 Ay Garantili),https://hepsiburada.com/yenilenmis-samsung-galaxy-s8-12-ay-garantili-p-HBV00000CQAIE,25,4,2799
TRUE,Yenilenmis Samsung Galaxy S10 Plus 128 GB (12 Ay Garantili),https://hepsiburada.com/yenilenmis-samsung-galaxy-s10-plus-128-gb-12-ay-garantili-p-HBV00000NS6O6,1,4,4999
TRUE,Yenilenmis Samsung Galaxy S9 64 GB (12 Ay Garantili),https://hepsiburada.com/yenilenmis-samsung-galaxy-s9-64-gb-12-ay-garantili-p-HBV00000HBKE1,4,4,2979
TRUE,Yenilenmis Apple iPhone 6S Plus 16 GB (6 Ay Garantili),https://hepsiburada.com/yenilenmis-apple-iphone-6s-plus-16-gb-6-ay-garantili-p-HBV00000AAI08,3,4,2299
FALSE,,,,,
FALSE,,,,,
FALSE,,,,,
FALSE,,,,,
FALSE,,,,,
FALSE,,,,,
FALSE,,,,,
FALSE,,,,,
FALSE,,,,,
FALSE,,,,,
FALSE,,,,,
FALSE,,,,,
FALSE,,,,,
FALSE,,,,,
FALSE,,,,,
FALSE,,,,,
FALSE,,,,,
FALSE,,,,,
FALSE,,,,,
FALSE,,,,,
FALSE,,,,,
FALSE,,,,,
FALSE,,,,,
FALSE,,,,,
FALSE,,,,,
FALSE,,,,,
FALSE,,,,,
FALSE,,,,,
FALSE,,,,,
FALSE,,,,,
FALSE,,,,,
FALSE,,,,,
FALSE,,,,,
FALSE,,,,,
FALSE,,,,,
FALSE,,,,,
FALSE,,,,,
FALSE,,,,,
FALSE,,,,,
FALSE,,,,,
FALSE,,,,,
FALSE,,,,,
FALSE,,,,,
FALSE,,,,,
FALSE,,,,,
FALSE,,,,,
FALSE,,,,,
FALSE,,,,,
FALSE,,,,,
FALSE,,,,,
FALSE,,,,,
FALSE,,,,,
FALSE,,,,,
FALSE,,,,,
FALSE,,,,,
FALSE,,,,,
FALSE,,,,,
FALSE,,,,,
FALSE,,,,,
FALSE,,,,,
FALSE,,,,,
FALSE,,,,,
FALSE,,,,,
FALSE,,,,,
FALSE,,,,,
FALSE,,,,,
FALSE,,,,,
FALSE,,,,,
FALSE,,,,,
FALSE,,,,,
FALSE,,,,,
FALSE,,,,,
FALSE,,,,,
FALSE,,,,,
FALSE,,,,,
FALSE,,,,,
FALSE,,,,,
FALSE,,,,,
FALSE,,,,,
FALSE,,,,,
FALSE,,,,,
FALSE,,,,,
FALSE,,,,,
FALSE,,,,,
FALSE,,,,,
FALSE,,,,,
FALSE,,,,,
FALSE,,,,,
FALSE,,,,,
FALSE,,,,,
FALSE,,,,,
FALSE,,,,,
FALSE,,,,,
FALSE,,,,,
FALSE,,,,,
FALSE,,,,,
FALSE,,,,,
FALSE,,,,,
FALSE,,,,,
FALSE,,,,,
FALSE,,,,,
FALSE,,,,,
FALSE,,,,,
FALSE,,,,,
FALSE,,,,,
FALSE,,,,,
FALSE,,,,,
FALSE,,,,,
FALSE,,,,,
FALSE,,,,,
FALSE,,,,,
FALSE,,,,,
FALSE,,,,,
FALSE,,,,,
FALSE,,,,,
FALSE,,,,,
FALSE,,,,,
FALSE,,,,,
FALSE,,,,,
FALSE,,,,,
FALSE,,,,,
FALSE,,,,,
FALSE,,,,,
FALSE,,,,,
FALSE,,,,,
FALSE,,,,,
FALSE,,,,,
FALSE,,,,,
FALSE,,,,,
FALSE,,,,,
FALSE,,,,,
FALSE,,,,,
FALSE,,,,,
FALSE,,,,,
FALSE,,,,,
FALSE,,,,,
FALSE,,,,,
FALSE,,,,,
FALSE,,,,,
FALSE,,,,,
FALSE,,,,,
FALSE,,,,,
FALSE,,,,,
FALSE,,,,,
FALSE,,,,,
FALSE,,,,,
FALSE,,,,,
FALSE,,,,,
FALSE,,,,,
FALSE,,,,,
FALSE,,,,,
FALSE,,,,,
FALSE,,,,,
